merchant_id,industry,state,onboard_date,risk_tier_true
17a7b877-b515-41ea-a3c8-359268a8d6b1,Marketplace,NJ,2024-11-13,LOW
06dcc340-68fd-4b48-8d31-d2493a292c1f,Retail,MA,2024-07-27,HIGH
817daeb7-bf4d-4c6a-8c1e-0c95632bb839,Retail,NJ,2024-10-31,MED
c04109f4-8a63-4a19-bfb2-776047b45507,Retail,IN,2024-09-12,LOW
614924ec-2938-41e6-a9e4-b5ab41559c2b,Travel,IN,2024-09-26,LOW
f7ef3be0-57e9-449e-bada-b9540be26648,Marketplace,PA,2024-10-13,LOW
1a26bbc7-a778-4015-a163-4c4677a9f105,Subscription,IL,2024-09-26,LOW
8ce665ff-8df9-4be5-9b03-b40b7dfa621e,Travel,GA,2025-01-24,MED
51eb28bb-a085-4c66-a024-07baaa534421,Retail,TX,2024-12-12,LOW
cad6f596-8d5b-4672-838b-cf9a21836e3e,DigitalGoods,TN,2024-08-01,MED
f45063b7-d185-4db4-a5f4-f60e3632fe82,Travel,WI,2024-11-17,LOW
75b8f0e6-44d4-41e3-b3ce-f5697808df53,Travel,VA,2024-07-05,HIGH
8a1bd060-5d23-4156-bc96-60e92ce459a6,Retail,PA,2024-12-16,MED
8d1d9527-0f06-4bc7-b5dc-dfc6c6f00d85,Marketplace,CA,2024-09-05,LOW
b63015e0-f151-4bca-9e14-a87a7d0c158e,Subscription,FL,2024-07-26,LOW
5c5096ed-3461-49fe-b1c2-df32718fc1e6,Retail,IN,2024-09-12,LOW
b1cd83f5-1cb2-446b-9c16-2e930d940133,Retail,WA,2024-11-06,LOW
0c8f1622-37e7-4e7c-8a9e-0276c1974917,Subscription,MO,2024-11-30,LOW
5571e0de-9ea7-47f6-a300-640e15d378d3,Subscription,IL,2024-10-08,LOW
416f069b-7b07-46b1-8094-3fc079e613c4,Retail,NY,2024-12-14,LOW
3a8b702d-1635-498a-a3f1-d48a4ed68d3c,DigitalGoods,NJ,2024-09-21,LOW
b23ecbe0-3285-4a8a-adf1-4ce9c3c4f8dd,Retail,WA,2024-07-09,LOW
1b1bb27e-1eec-4bae-877b-60762811feb5,Travel,FL,2024-09-02,LOW
411eb89c-2c05-4ba4-8d38-d36d3baeef40,DigitalGoods,AZ,2024-11-01,LOW
d145a0c3-69d9-445d-b64c-5b254e21dd82,Travel,NJ,2024-08-19,LOW
1d79edf3-7602-4a69-8421-a6c4aeebe09c,Subscription,MI,2024-12-29,MED
6ad88afb-dcba-46fc-97f6-3e5fc72b19c8,Retail,MD,2024-12-27,LOW
0aa391c8-9d1d-4510-9bca-368bab41fb08,Retail,MO,2024-11-15,LOW
cd392c76-5dc7-460d-a547-5a671f70b657,DigitalGoods,PA,2024-08-29,LOW
d5eda639-e989-49dd-b9b4-a0e11d227339,Travel,MA,2024-10-22,LOW
d2a5027f-6bd9-4cdd-b890-b6d687a538ce,DigitalGoods,MI,2025-01-07,LOW
044b9b5e-6f18-4841-b311-66585c6014a3,Retail,IL,2024-12-08,LOW
ba6fa454-fa8a-43d9-bd34-87590010c586,Retail,IL,2025-01-19,LOW
d2e03b1e-5c27-45a0-a244-cc7da6b10609,Retail,MI,2024-10-16,MED
94c4e058-1cd9-44de-927c-3fa9c633c19a,Subscription,IL,2024-09-19,HIGH
c5e3c3b6-4b11-41df-b0d0-4e72ae2f6d0e,Retail,NY,2024-11-27,MED
e0a9f919-13f4-42c6-bc1d-0b4443bf4277,DigitalGoods,PA,2024-07-06,LOW
3e79ead3-3350-4335-ba75-3c16b501a324,Travel,FL,2024-07-12,LOW
41d48cd9-6055-4d0a-85b0-e92520b591a5,DigitalGoods,MO,2024-09-17,LOW
350160ea-5c64-4bb4-bce1-625c4fb2a047,Retail,NC,2025-01-02,LOW
c1b21060-94f4-42da-a403-633b92e05cef,DigitalGoods,IN,2024-11-06,LOW
cf6b8860-a04e-4b47-9a8a-20bfc473a5c6,Marketplace,WA,2024-08-11,LOW
78b15649-ba49-4255-9b55-8228928ee54f,Marketplace,MA,2024-12-27,LOW
0b9ea978-5e8d-421a-a118-0bcab61fd8a5,Marketplace,WI,2024-07-31,MED
95055a7c-c0f2-42c8-b55a-c7cb7dfc6f4c,Marketplace,IN,2024-07-24,LOW
f92d4464-f923-446f-a7e4-051ee02cbd80,Subscription,WA,2024-11-21,LOW
c1012cac-0b31-49c8-befd-8ec74d5dd047,Retail,TN,2024-08-16,LOW
32a391c0-ba63-4b15-be26-c898e56e0c9e,Retail,FL,2025-01-09,LOW
84dd6f0d-2265-40c6-905b-a23cd5256b0a,DigitalGoods,IL,2024-08-04,LOW
58071ccc-c366-49b0-a311-e8a08b8ffc8a,Subscription,IL,2024-10-03,LOW
cb3fdb5e-1ed0-4f63-ad49-bf3eb8ce3055,Marketplace,NC,2024-09-03,HIGH
5d3d11ee-281e-4c7a-aa08-f0c578bdb47c,Travel,IN,2025-01-22,MED
acaec486-20c7-4e3a-8134-32c029ddf820,Retail,WA,2025-01-15,MED
b76b1236-aa68-4737-933e-5c91c9c0bdc6,Retail,TX,2024-10-21,MED
902a6b8f-44a6-4500-8292-5da5e6f35801,Subscription,WA,2024-10-03,LOW
0d72ec7e-ebe0-4525-878e-8985c7647a79,Travel,MD,2024-12-14,MED
6949e19a-bf39-49a1-8891-1e16c3a89e44,Retail,NY,2024-10-07,LOW
82381d8d-623f-46b7-90f6-3bca8a170f13,Travel,MI,2024-11-24,LOW
b4682d41-4006-4482-80c8-3dd18a28a0f8,Retail,TX,2024-11-25,LOW
2c5b3f5a-65e5-4385-a143-9c5d2cc03628,Subscription,WA,2024-07-17,LOW
bb4e7507-80cc-4a30-bef7-54d05ca3a7a1,Retail,MD,2024-10-25,LOW
dfacf0ec-b9ee-4b7f-a9e7-3994f92ed2ae,Marketplace,IN,2024-08-08,LOW
53812e9e-9864-4e5b-a26c-0f299f8d79d2,Retail,AZ,2025-01-23,MED
0607b541-d49c-4abd-91b8-d60521fde746,Travel,VA,2025-01-07,LOW
fcab44d4-64d4-49f8-aa5e-52713853cb95,Retail,VA,2024-11-30,LOW
91c989d7-d71e-4a3c-a33c-6d307703d55b,Retail,NJ,2025-01-02,LOW
c64e6857-c43d-45a3-aa04-198331fc717d,Retail,OH,2025-01-23,LOW
7807447a-8a0c-47f7-b27b-7de5f1724c4f,Travel,FL,2024-12-09,MED
055fe9cd-4d9d-4d34-bba8-2fd43262f97a,Subscription,MD,2024-08-21,LOW
293faa4b-24b8-4a9b-9e10-3870cc32333f,Retail,CA,2024-08-08,HIGH
488cdbb7-d76d-47bf-b6ea-fc10dfece161,Subscription,NY,2024-09-28,MED
39c25dfe-b4cb-4244-9694-2909ba490e8a,DigitalGoods,WA,2024-12-17,LOW
6f0caf1b-f5ec-46dc-9fef-f49a3803eb28,Marketplace,MA,2024-12-10,LOW
84c0a132-1866-42e8-9b1d-86f72f62d0a8,Retail,TX,2025-01-26,MED
a0de1fc9-4d01-4a59-bcc3-4cbbd8d6498a,Travel,NJ,2024-12-03,MED
fb3f1f52-dec6-46cd-9a7a-5dd034492c92,Retail,FL,2024-10-26,MED
ce41f227-5df3-468c-8467-d974380741a3,Retail,MD,2024-12-28,MED
3fa1a09e-8d74-4c1f-b1c5-193267e7308f,DigitalGoods,IN,2024-10-12,LOW
eebb1237-c3d5-44ab-8a82-57dd0916454f,Retail,NY,2024-12-11,LOW
12a160e8-73f4-46aa-806e-30cd86038f07,Travel,MO,2025-01-03,LOW
22226e2d-5173-4764-b4a1-eb6153efac7e,Subscription,GA,2025-01-27,MED
904678bb-6cf4-4a39-a522-d45c703ff136,Marketplace,MD,2025-01-06,LOW
d440816a-9fd5-49fc-8c7a-7f11ea2dde3b,Subscription,IL,2024-10-11,LOW
a13da40b-3fb7-4efd-9de0-4acf7e5c187f,Retail,OH,2024-07-07,LOW
96e559ae-a367-4d98-86bb-a1ef8c0b9619,Retail,GA,2025-01-28,LOW
6bf79388-e9db-4d6f-8e07-d2ea57d833c0,Subscription,IL,2025-01-17,LOW
fc079247-6db9-4d7c-9b77-6c0fb3d10868,Retail,IN,2024-09-27,MED
8cf11952-6ccc-473f-bc9b-fd5405010adf,Retail,IL,2024-11-06,LOW
f12b2a1c-559d-48e5-ad7e-0efdc9a6827d,Retail,FL,2024-11-19,MED
e4b69dfd-e635-424f-9b6b-c0e96334d450,Retail,MD,2024-09-25,LOW
16227cf7-ca0b-4e12-8b72-9f62cb6c26dc,Retail,TX,2024-07-29,LOW
7460648f-279b-4cc8-a19e-be59ab984618,Retail,NJ,2024-09-10,MED
74c1b692-7fe4-416c-9ba1-58734f3998c4,Subscription,WA,2024-09-03,MED
71a1adea-b0da-4107-bd4e-4965d5c77f3c,Subscription,MA,2024-08-02,LOW
2d81b2d5-65c9-44bf-9c18-75a557cc5130,Marketplace,VA,2024-11-08,MED
06ecdc02-efe5-405d-9dba-5a2fef5163e8,Retail,NJ,2024-07-23,LOW
39abb106-0055-43a7-8593-ce990fe9bccc,Retail,OH,2024-12-22,LOW
7f573602-38fe-4f3e-a5a9-526d8f966f4f,Retail,IL,2025-01-14,LOW
bf5be0f2-dc5c-4b35-bb1e-ac090475d16f,Subscription,IN,2024-09-16,LOW
ad9ad239-741d-4473-bbac-ff8edc5da136,Marketplace,WI,2024-09-03,LOW
2a9fe132-35f5-4f56-a5ee-21fb821945e9,Retail,NC,2024-12-22,LOW
84aef3d7-e19e-4442-a0b8-4a38c4a66bfb,DigitalGoods,AZ,2024-12-04,LOW
b2225a6d-eb03-4f9b-81a8-9f575e65a362,Retail,VA,2024-07-24,LOW
7f102d9b-4489-4654-92fc-2c18a51fce3c,Subscription,PA,2024-08-21,LOW
7b5dbd7e-2b98-481f-ad29-46fa3c9cc446,Marketplace,IN,2024-09-29,MED
6dec6906-a008-4896-841b-f7fac670763c,DigitalGoods,MD,2024-12-03,LOW
d2150645-07d4-4fd5-82f7-53afe05cce3b,Marketplace,MD,2024-11-20,LOW
93efedc7-d78f-4b57-b769-3d33ebdc8c69,Marketplace,TN,2024-10-22,MED
59b2259f-883d-4e51-94c9-aa9184d9b22f,Retail,VA,2025-01-03,LOW
1b35f029-c6d5-4002-aec9-a2db2abad047,Marketplace,VA,2024-08-01,LOW
c87ec97e-bf5b-484e-9e96-a016c2296a42,Retail,WI,2025-01-17,LOW
d6f70663-6018-4ff6-88a7-dcef15faf91b,DigitalGoods,PA,2025-01-11,LOW
b819e1ae-e2ed-4682-a973-0e43da20ce08,Subscription,FL,2024-09-01,MED
861580b1-b381-46a5-a432-16f2c119588f,Marketplace,PA,2024-11-14,MED
1508e93e-e991-4498-b667-77d3bfd85ead,Travel,NJ,2024-08-24,LOW
b6832610-dbad-43dd-8e1f-a81e8a4a4b98,Subscription,CA,2024-11-30,MED
07f5504e-d99d-4ff3-9487-8792c37b4b04,Subscription,MA,2024-07-16,MED
4a028d95-c9d7-49f1-b7fc-c33abfba94ee,Marketplace,NJ,2024-08-23,LOW
9886e7e7-e489-4d35-a1f4-6e0e6c154bb0,Retail,MD,2024-11-13,MED
5701dd9e-b658-4fb3-87f3-75e74b804471,Retail,MO,2024-10-25,LOW
407746ee-9b87-4632-9b0a-5dad31ff8ec2,Retail,IN,2024-12-21,MED
9e1f0e43-0bae-4267-b64c-bc18291d635a,Retail,MD,2024-12-17,MED
b5a7b9c5-0884-4cd6-887a-2c636c9e868b,DigitalGoods,AZ,2024-12-04,LOW
47e5c19c-b859-4e81-a07d-a4de4eacaddc,Retail,MO,2024-07-18,LOW
c3853e47-c25b-4769-a914-94640afa09c2,DigitalGoods,MD,2025-01-23,LOW
910b3d97-f6ea-4c53-bf24-97ff9f3fc921,Retail,MA,2024-08-05,LOW
19592b2b-3464-4a82-b64d-cccefbe8cd43,Retail,MA,2024-11-20,MED
e90383d2-58d7-462a-a7d1-611a2e2b1ad6,Marketplace,FL,2025-01-09,MED
76971abe-9ca6-4c88-b4bd-5f85034b4e2f,Subscription,OH,2024-11-27,LOW
912530f5-fd80-45dd-ba99-76c4d187fee2,Travel,WA,2024-12-06,LOW
ea265615-170b-4341-8179-4a594471f9a4,Subscription,NY,2024-08-28,LOW
332a0e27-b18d-4f6d-a3bd-f8a3b372a734,Marketplace,TN,2025-01-02,LOW
a95f2a4c-5477-4e1a-b6a7-26729663303c,Retail,NC,2025-01-30,LOW
c92613fb-d372-48b4-9917-a67dc28eaea5,DigitalGoods,GA,2024-11-01,LOW
379225ce-cf11-4ec9-a551-3c2a7ac49f97,DigitalGoods,WI,2024-09-17,MED
83582a3e-6cde-4c36-b439-826aec5c5756,Subscription,WA,2024-07-25,LOW
647ba493-0941-49af-b1b2-c4b70a6fdcd1,Retail,IN,2024-12-23,LOW
f96acb82-360e-4d69-9b5d-e851ddce9b87,Subscription,IN,2024-11-14,MED
9cef0f48-6da3-4bfc-a4a0-2d99aa259899,Retail,IN,2024-09-29,LOW
1cd136c1-5933-4228-8e38-c4f881fc898b,Retail,CA,2024-12-20,HIGH
fce2f7f8-2aa5-470a-b157-3754a5507ccf,Retail,GA,2024-09-01,HIGH
3d12f953-3325-470d-8e26-ab069ba64fe3,Travel,MD,2024-10-01,LOW
ca8d90fa-14c0-4ea0-9f18-35f311329d9a,DigitalGoods,PA,2025-01-02,LOW
eb257e0c-10bc-42f1-bda7-efe7e5a0d320,Marketplace,NY,2025-01-22,LOW
216e22fc-8464-45dd-adb8-9c18cbc7af21,Marketplace,IL,2024-12-01,LOW
797a8dbd-a9c3-4b72-a1c1-37a6789c929b,Travel,WA,2024-09-25,LOW
b1047c7e-9cb6-4ece-a40b-2875862ebd44,Retail,MA,2024-09-07,LOW
37a8319a-933b-4fd3-bdcc-1b2c6a94a4d6,Retail,AZ,2024-09-06,LOW
8d0265c8-a2b6-460c-ade8-57d60a0db603,DigitalGoods,TN,2024-09-13,LOW
c11a8cfa-78db-4ff4-8d13-910dfbbc31db,Retail,MO,2024-07-08,LOW
7bb259dc-1a35-404e-b0a0-aaf0ab1c5001,DigitalGoods,NJ,2025-01-13,MED
7a1d3e2d-0fff-4c2c-96ad-6deec2e9bfeb,Subscription,NY,2024-11-24,LOW
eeffdc2a-11bd-4541-a76e-554a9213a0ec,Travel,MI,2024-10-16,LOW
f15affe5-b359-4ad8-8294-5f2d06a45f42,Marketplace,MI,2025-01-24,LOW
47db77ea-6788-4d8d-bb80-1efdf0eb5541,Travel,TN,2024-12-01,HIGH
021a781a-1393-4b68-a7d8-9748914bd140,DigitalGoods,VA,2024-12-26,LOW
61baff11-c8ad-4d15-a9ac-e66a2485521c,DigitalGoods,TX,2025-01-29,LOW
d54e3bca-977c-4721-af8d-9ab18b6a578e,Travel,NC,2024-10-05,MED
2d8ffac7-2ee9-4df5-ac12-29ed4cad4848,Retail,NY,2024-12-25,LOW
7e223c5a-eee8-48d8-a0c0-fbf1ab544eca,Subscription,MA,2024-11-23,MED
73d62236-89e9-4111-9122-2991c7338544,DigitalGoods,NY,2024-12-29,LOW
9a09c598-0727-454f-ad66-7753b6e2f935,Retail,MD,2024-11-29,LOW
15955015-00f5-48fc-911c-af807ef12558,Subscription,MO,2024-12-29,LOW
fb8f56d1-d309-41dd-acc6-9ba45e570867,Subscription,GA,2024-10-24,LOW
ffa7ad80-5eb1-4df0-8688-8c6f8434ee97,Marketplace,IN,2024-12-12,LOW
82fb60ce-a470-4e0d-b006-13e977302e17,Retail,GA,2024-10-31,MED
5dc77790-fbaa-426a-bf12-ec1af64c944e,Marketplace,OH,2024-09-01,LOW
bb52067a-16ab-44f9-b22c-75340454486d,DigitalGoods,OH,2024-08-16,LOW
838ceb8b-81ed-4b25-a84f-81e457fcbefe,Retail,NY,2025-01-27,LOW
438621f4-1256-4e43-8201-441325eac5b1,Retail,CA,2024-07-16,LOW
57f2c1f3-6341-4d46-a85f-9ad8d1aafcba,DigitalGoods,FL,2024-08-13,LOW
57153093-dc30-409b-b7a2-aad65f0b5c13,Retail,IL,2024-10-30,LOW
11809689-88da-4a51-8ca8-09b5bba88e26,DigitalGoods,CA,2024-07-24,LOW
69e6ab5b-c9b6-46f7-9d61-f1f1a3ff92b6,Travel,MA,2024-12-17,LOW
a62958e7-3429-49a9-9ef7-1b4ee9032071,Retail,IL,2024-11-12,LOW
d1f24d1f-be56-4915-9138-3135bbe2683a,DigitalGoods,WA,2024-12-07,LOW
2e29204d-a5a7-4563-84f6-542d8f7d84c4,Travel,GA,2025-01-04,LOW
3acc01f0-d07d-4f45-9927-79450e817a52,Subscription,GA,2024-10-02,LOW
11e833fe-5d6b-4ef6-896f-b49423a6aa9d,Retail,IL,2024-10-06,MED
59511948-6655-4f6e-9186-705eef89f99c,Subscription,NC,2024-07-17,LOW
3cb467f4-b671-42e2-bdc5-dfaeea55660e,Retail,CA,2025-01-25,LOW
f0eac96c-243c-4128-b487-3e920054f49c,Retail,FL,2024-09-08,LOW
83acb2c5-3f61-4281-99f6-fdd2a9d7b3a3,DigitalGoods,NY,2024-08-10,MED
f3e7899a-f919-4a3c-83b7-c5ea564976ce,Retail,TX,2024-12-28,MED
5f22313b-dd16-40b0-9955-45007fefc222,Subscription,GA,2024-09-08,LOW
7336b132-995a-4c92-851a-c2fe059766c3,Retail,NC,2024-08-09,LOW
f92e9145-6427-4ed5-b98d-98c33a40c776,Marketplace,TX,2025-01-02,MED
5b509b71-c952-4aad-95db-65320c5c0ef6,Retail,AZ,2024-07-30,LOW
4cca6d3e-c718-43af-9239-c6e6dbfb8bd7,DigitalGoods,AZ,2024-09-17,LOW
1fe17682-4818-4124-9e81-238333b027dc,Travel,FL,2025-01-20,LOW
a2e630bb-0c84-4dac-a70d-04bd9512b615,Retail,PA,2024-10-20,LOW
026feebf-2cdc-42f5-9072-a23375d54ada,Retail,NJ,2024-12-19,MED
3afa15a8-c37a-43e9-bb6e-3366596d0616,Retail,NY,2024-08-16,MED
f0da4675-4728-4dff-bcc5-ee675fa8d07a,Subscription,GA,2024-12-01,LOW
095f2acc-35e0-4e6c-ab01-37f7b3da1356,Retail,NY,2024-11-29,LOW
d5c96ebf-61b5-4cd5-b039-9d0a3ee9971a,Marketplace,AZ,2024-07-12,LOW
0439cd18-45bb-4544-9b8f-9b27c9bbd5f2,Travel,WA,2024-08-02,MED
c56b2661-91c0-473a-bf0a-9c0c1dff1f69,Retail,WA,2024-08-13,MED
12bb143b-47bd-4d52-be4a-eead426aeb0d,Subscription,TX,2024-12-09,MED
1a76f376-1db6-4640-94c0-a8219afaca8f,Marketplace,WA,2025-01-29,MED
64ab3e14-2069-4427-bba3-78eaaa560d3e,Retail,MD,2024-11-09,LOW
ccba6a04-b06c-4377-b937-e35e5796d5e7,Retail,PA,2024-09-26,LOW
98f0df0f-7553-4e91-af43-0558cfae7aab,Retail,TN,2024-10-28,LOW
fe7243fc-1a34-4b70-8861-1c4474bf2121,Marketplace,TX,2025-01-03,MED
8ab78f96-fa8d-42aa-8b4d-9328ab2304ee,Subscription,GA,2024-11-25,LOW
b0b55beb-d94f-4190-a0fc-2c304199f947,Travel,IN,2024-12-25,LOW
6ffe9ec3-e703-4607-a125-8e2e6ccb38c0,Marketplace,TX,2024-09-04,LOW
a9939ac2-3547-4905-8394-fb2497da9877,Marketplace,MI,2024-07-11,LOW
6bd7a1f3-5d37-4043-b81c-da2ab6129cf9,Subscription,TN,2025-01-28,LOW
49c592b9-1f21-4210-9bf9-29a47d7aa774,DigitalGoods,PA,2024-08-18,LOW
7dc3f900-8063-46aa-9a05-2896e004a09b,Retail,TX,2025-01-07,LOW
f51d1e68-9502-442f-aeda-b60be9581b7b,Retail,TX,2025-01-04,LOW
5a01f12d-be4f-48ce-ae2b-6555bc8ddfe6,Retail,WA,2024-12-27,LOW
fc8dbd0e-a476-42e9-93d5-2f2d455e89ec,Retail,MA,2024-12-06,LOW
1cbdb025-495b-4f6f-ada1-66673f32f023,Subscription,TX,2025-01-01,MED
8379d6b2-6bfd-4746-a805-b38dd22e9ce4,DigitalGoods,OH,2024-09-30,LOW
0c75ebde-296e-4a73-aca3-1fc0fa7ba5a3,Retail,NY,2024-09-15,LOW
535e2a86-33df-4c72-8199-4e052438b7c1,Retail,GA,2024-12-14,MED
ba9f6585-238d-4e77-bcc4-f41497fbd476,Travel,AZ,2024-12-30,LOW
576ebc6c-9c83-4bfb-a14a-8748c6afc5aa,DigitalGoods,OH,2024-08-10,MED
bc204d9a-3f07-4a8e-9edf-7c542ae82158,Retail,OH,2025-01-29,LOW
e937ca9b-42bf-45db-8260-17773b74001d,Subscription,CA,2024-10-31,LOW
a0657d30-f986-4dc9-a0c0-61de8b9c6f72,Retail,IN,2024-08-30,LOW
89b0cae8-76f1-4894-b24c-028c592d1d6e,Retail,NC,2024-07-12,LOW
20e42a7c-cb53-4b9d-9f5e-e522116ace6c,DigitalGoods,WA,2025-01-27,LOW
a1b0fa97-0140-4a3a-b37f-5e5e85a61d6f,DigitalGoods,MD,2024-10-07,LOW
487d2147-38fe-47ca-bd29-5ee6bd09d269,Retail,MD,2024-10-29,HIGH
737092d8-8a57-4239-a626-5a3e7ee8f608,DigitalGoods,IN,2024-10-22,LOW
7fe8fd67-8b10-43ec-8b27-0bca295dc30d,Subscription,MI,2024-07-24,MED
2ce4bd4b-30c9-4281-8f86-8df26d5dfa43,DigitalGoods,MI,2024-11-05,LOW
3c3ae8d9-40c8-4b13-8a19-0a878aec7e00,Travel,FL,2024-08-26,MED
ff0d564e-65d0-40b2-8238-79f5964482a4,Subscription,GA,2024-10-31,LOW
8c8a467a-fb58-484e-a00d-302adc51af95,Travel,WI,2024-07-16,LOW
dcc4597a-9b04-4a0c-aa6a-b5f0ce8d366d,Subscription,WI,2024-12-28,LOW
c44bf4f9-4776-439f-ae4e-ad92466e98dc,Retail,MO,2024-07-21,LOW
3124f137-5e25-4381-b30d-ca89d76b827c,Retail,AZ,2024-09-06,MED
038b0774-5871-4096-9e9d-e49085947f4b,Retail,MO,2024-08-15,LOW
e56d03ac-b667-42c6-a982-693c1c479511,Marketplace,AZ,2024-10-06,LOW
2e292d43-04c6-4caa-bcb2-d1f0ed6d1717,Retail,WI,2024-12-08,LOW
e898c6ba-cb07-4a8b-bf01-96c2e0a4e3bf,Subscription,MA,2024-11-28,LOW
a8ac1336-531b-427d-9826-ab32d6fb4067,DigitalGoods,FL,2024-07-15,MED
93602e24-8dff-4500-8ef1-70d71ba1e4e2,Retail,WA,2024-10-10,HIGH
c6b130e6-f946-4177-845e-75621504d92d,Subscription,GA,2024-12-29,MED
76834731-efc2-4257-8ebb-27a853ee4643,Travel,MO,2024-09-13,LOW
e9e650a4-3139-4ee4-98e9-1db5a7834b3e,DigitalGoods,VA,2024-10-20,LOW
7ea7e6b8-4529-4684-b683-e2fee2d74ec2,Retail,AZ,2024-08-31,MED
f616f770-78d2-49c4-aba4-b56dbf9d0f7b,Subscription,TX,2024-08-07,LOW
245d1679-982a-4ba2-9579-3b3d037e0ccc,Marketplace,MO,2024-07-24,HIGH
06cda2f3-c410-4782-9d46-e891020824b0,DigitalGoods,TX,2024-08-23,HIGH
21c65679-bd9b-40b2-b44d-0d8f4d710b18,Subscription,NJ,2024-10-14,MED
3c4fef44-e2b1-4833-8590-154f8f28337d,Travel,NC,2024-11-19,LOW
3a61609d-1b7a-4618-b99f-0baa19f04aa9,Subscription,VA,2024-12-11,LOW
3cd3d7f1-fefd-4b88-98ea-927d4bfc4d61,DigitalGoods,IN,2024-08-25,MED
dcce9957-071b-4b9b-96a8-2ca8348b32df,Subscription,MA,2024-07-19,LOW
05335fba-f063-4aad-b220-903efec95fd1,Retail,IN,2024-09-26,LOW
8789d492-790b-4457-9231-3bc9945a74af,DigitalGoods,MO,2024-11-12,LOW
92abdedf-9f06-4342-844e-59bdefbd53e0,Subscription,PA,2024-08-10,MED
1a8877d7-6581-432f-aaec-2c0362a54847,Subscription,IN,2024-11-07,LOW
0844774c-e739-4cf5-a4a4-5145e9d8a447,Retail,MO,2024-08-13,LOW
a82572aa-1fe8-47a1-a259-9c90aae2fdb5,Subscription,GA,2024-09-14,LOW
16eaa40b-1db8-4560-9dd5-95db8e7978a5,Retail,NC,2024-08-13,LOW
47bf0e33-007f-4ead-bfd1-8037ba08b948,Subscription,PA,2024-08-29,HIGH
1c11b222-949f-4327-8b76-071122b67652,Retail,IL,2024-12-02,LOW
746fd5f5-42ea-412d-9aef-4f37bdbb5607,Subscription,VA,2024-10-16,LOW
d0eedd0f-2751-48a2-b896-88c64c9d7d6d,DigitalGoods,NJ,2024-11-20,MED
8975832a-a530-4964-9d25-b673e0d0f35d,Retail,CA,2024-10-22,MED
0c2d16d9-4059-4e64-bd71-f2f73dd0becf,DigitalGoods,NJ,2025-01-12,LOW
4c561582-f1d5-499d-a761-5453c87e1f74,Travel,MD,2024-11-17,MED
9c6d23df-b421-43ad-acf2-c36254697f12,DigitalGoods,NC,2024-10-05,LOW
31597f7d-b3fd-4918-a674-fb95617f0f66,Marketplace,TX,2024-10-06,LOW
8d0ff6e6-6958-4518-8c86-f911f36947fb,Subscription,VA,2024-08-29,MED
962abf57-f2b4-494b-bca9-40df33877a6f,Marketplace,FL,2024-09-02,MED
91366829-253d-4f4d-8c63-22c48c461b82,DigitalGoods,FL,2024-11-19,MED
b7dbcb07-362d-462a-829d-6c5e182e50da,Travel,MO,2024-08-12,MED
a9678e31-0a6f-4405-a706-2be99d9da41a,Retail,MA,2024-08-01,LOW
e5f24345-9dc7-4bed-9345-7f1fd01b8593,Subscription,MD,2024-08-22,LOW
66ead2e7-2472-4933-adb3-047e5aac0dd3,Marketplace,WA,2024-12-15,MED
150d1c5e-b7b5-4491-8eaa-98940e4d23db,Marketplace,MD,2024-11-06,LOW
badb17af-25c7-4629-a71c-33d8f50afae4,Marketplace,IN,2024-07-17,MED
c0e907be-e9d1-4096-a64c-9eaf9761f87f,Travel,PA,2024-08-09,MED
46855d1b-5f4e-46a8-8720-d8bcf1341c78,Marketplace,TN,2024-10-13,MED
8d745f86-e832-4623-833c-26b988efd3eb,Retail,VA,2024-07-30,LOW
4faf472c-7940-4143-9aaf-f9084496d86c,Subscription,MD,2024-09-28,LOW
c99d3bcf-cb10-4abb-8df2-c1868a4888ca,Retail,IL,2024-07-08,LOW
094e0267-4a42-4f17-be2e-a915183f1d2a,Retail,IN,2024-09-24,LOW
01653282-23c9-40da-955d-8b7ea53f625a,Retail,CA,2025-01-12,LOW
757eacc5-ac39-4552-84c3-274b804bf20c,Retail,MI,2024-12-17,LOW
8bfaece2-8f97-40a4-9cd3-0ad271821074,Subscription,MA,2024-11-08,LOW
4b81c46a-c8c0-42be-9ea0-6926e159d9b2,Retail,NJ,2024-09-30,LOW
8ed778ac-7adf-4a48-85c0-2a49053cc462,Travel,WA,2024-11-08,LOW
51d9813a-ea13-4ba7-b7a5-4537bcb9f417,Retail,IL,2024-11-01,LOW
61cf9be3-0ac0-4320-a2b5-7457dedaaec2,Retail,CA,2024-07-26,LOW
6a1627af-b029-442f-ba1b-06541677ab83,Retail,VA,2024-11-11,MED
a79c4618-0a2e-45c4-986d-61e7c4248feb,Retail,NJ,2024-08-04,LOW
923bac87-d05b-42a2-b03c-42ebb93222c9,Subscription,IN,2024-10-31,LOW
d46858b0-0a41-4d50-a237-a493354bd3e6,Subscription,FL,2024-07-15,LOW
d537ad59-7500-4473-8bd3-abccfdd075f4,Subscription,MA,2024-08-19,MED
bf3b4e14-3c37-496f-bbfa-3c61646bcf6c,Travel,NC,2024-10-08,LOW
6faae682-52e6-4686-a393-668f7c081972,Retail,WI,2025-01-10,LOW
6c5da7b2-6f59-4827-bcd2-dab7f14746fb,DigitalGoods,MD,2025-01-17,LOW
7b75ffaa-23fe-476c-b0bc-c933b7f798e3,Subscription,MD,2025-01-12,LOW
595d832e-b79a-434b-8939-c28df7c879ce,Travel,VA,2024-07-14,LOW
74c34e2a-eb74-4958-8b99-9600f0552443,Retail,IL,2024-12-19,LOW
b214f408-676d-48df-b169-812e4ffaaa9f,Retail,MI,2024-11-09,LOW
926c3fba-08ce-4afc-a28a-6ddda7f605e4,Retail,IN,2024-12-03,MED
7392571b-d106-4c44-99ff-a2e64098ed85,Retail,IL,2024-10-11,HIGH
afee2a48-4be0-4fb6-8df7-8a505c87893e,Subscription,TN,2024-12-23,LOW
3267b14f-71ae-4c37-84f2-e633547072dc,Subscription,OH,2024-10-24,LOW
d446be0f-1266-4e6c-8784-6930defaaa1c,Subscription,NC,2024-09-02,MED
d2a7887d-52d3-4816-b75c-f67b7fecf0ad,Marketplace,NY,2025-01-10,LOW
9cc7c919-46ee-4f26-bdff-04f32abb5732,Marketplace,MA,2024-09-29,LOW
0c19f297-192e-4e99-83a5-78247c268715,Marketplace,TN,2024-11-26,LOW
a0d799d6-9d3b-43c2-9f45-00fbe626b5d5,DigitalGoods,MO,2024-09-07,LOW
6ae17941-d68a-4bd0-b3f5-c226de9e29a9,Retail,AZ,2024-08-30,HIGH
6de775d5-04ea-465e-933b-fa13724c24ef,Retail,NY,2025-01-03,MED
3f016290-b87e-4e44-abae-2675b3c52fa8,Retail,VA,2024-10-18,LOW
a50d84b3-cca2-41e5-9ba8-aae5ff4a48c6,Subscription,NC,2025-01-01,LOW
d6ebaaa6-3dd1-4b39-8a44-ae5bec0b24c1,DigitalGoods,OH,2025-01-04,LOW
70826fb1-2e25-4fd9-acb4-1932cfdcc312,Retail,NC,2024-07-13,LOW
bd988680-f807-40b9-8096-50ff525130d3,DigitalGoods,WA,2024-07-26,LOW
342696b2-b6e7-4141-865d-1d73bc5c9111,Retail,MO,2024-11-22,LOW
f849b5ad-c699-4654-a9cc-25ba7662869a,DigitalGoods,IL,2024-10-01,MED
64448fbb-37de-4e5a-9d14-7a0b1303242e,Retail,WA,2024-12-27,LOW
42921f1b-403f-4b0a-80ff-5bd37de90042,Retail,FL,2024-07-22,LOW
7039e568-1c08-4878-96f1-ea3bc6e76c5d,Travel,TX,2024-10-27,HIGH
429309a4-cb77-455c-b113-31e6fba3f74a,Retail,TN,2025-01-24,MED
1302f768-0645-48ff-b05d-bdac00ad58f7,Retail,NC,2024-12-19,LOW
a4191732-4a03-4546-875b-37bb54c2d692,Retail,NC,2024-11-26,LOW
6e458025-a5a9-4e44-a9a8-7d603fed1a2e,Marketplace,PA,2024-11-24,LOW
4d6faae8-f760-47c8-ac33-23d6c325a3d2,Subscription,NJ,2024-10-18,LOW
c4ef41fa-b9aa-4bc1-b566-96d638107316,Retail,CA,2024-07-19,LOW
e4e0b39b-9e5e-4e34-97e5-71aab81d3690,Subscription,FL,2025-01-27,MED
6119e417-48b4-41ad-a9c7-68a89f5f0e48,Marketplace,WA,2024-09-05,LOW
b1c8ed45-a7f0-4a72-a787-e7626cecd412,Retail,WA,2024-12-18,LOW
f14e2b9d-ae96-4b17-bc0f-c82151de5572,Travel,WA,2024-07-17,LOW
451546fd-ff3e-4a8f-9401-2323301979e2,Retail,TX,2024-09-23,LOW
6113d2e4-6cc4-4b09-ae77-0e492b8e17fa,Retail,NC,2024-08-05,MED
e804a52c-ca33-4e45-87dd-503ebf7f5deb,Subscription,GA,2024-11-18,MED
eeef3c4c-e25b-4669-a0a5-e53da068dcbb,Retail,OH,2024-08-13,LOW
8b0ab2eb-cf18-4a70-868e-1e1cce60dd96,Subscription,FL,2024-11-29,LOW
8b96ceb4-d808-4f07-a641-cb8d9a77d970,Marketplace,MO,2024-09-24,LOW
3bd738b5-89f3-45fc-87fe-8408ff0c1476,Retail,NY,2024-09-19,LOW
e7429123-9d61-4430-acf7-887964fc2c61,Subscription,PA,2025-01-28,LOW
bbf6d73f-d500-4055-ac5f-539bf6d81766,Retail,VA,2025-01-21,LOW
ac7bc82d-1b69-4051-9cfa-c71e58d1569d,DigitalGoods,VA,2025-01-11,LOW
c493d9b1-a315-4720-b753-4971437d8b46,Travel,GA,2024-09-18,LOW
74644468-619e-4de2-ab71-b69a5ae31990,Marketplace,CA,2024-12-23,LOW
d1ebf368-cfbd-4864-a070-4b0f1bb25291,Subscription,FL,2024-08-11,LOW
7d7931ab-e9d9-4f0e-8a52-bfa5e938dbff,Retail,NJ,2025-01-08,LOW
b6ec7ea4-189d-41f4-934f-a0b0946869bc,Subscription,NY,2024-09-13,LOW
bc502385-cb01-4692-900f-fc6e14c695b5,DigitalGoods,WA,2024-08-21,LOW
0d6226f2-8d80-4f26-9f0d-4a9019dff8bb,Subscription,IN,2024-07-22,MED
95699a03-6d44-443d-bb77-03908648252d,Marketplace,MI,2024-11-25,LOW
47679f37-b4d5-4397-8923-47154fbf3611,DigitalGoods,VA,2025-01-03,LOW
fbaf733e-db44-463d-a3a0-07f2807887da,Retail,MA,2024-08-12,LOW
88f749dd-6ede-444c-b852-047ccbf5c290,Retail,MI,2025-01-16,LOW
8a2ed88c-5dbf-403e-8f9e-f215f7402740,Subscription,AZ,2025-01-07,LOW
078b33ab-652b-4f26-90d8-c7ba5870f844,Travel,WA,2024-10-01,LOW
013ebb23-44b5-4b97-9b7d-35abf75105eb,Marketplace,IL,2024-09-04,MED
c9370099-31fe-480a-abfc-b67a2089dff3,DigitalGoods,PA,2024-11-22,LOW
d3b9e529-1f15-4747-b600-c98abda337c4,Retail,TX,2024-10-21,LOW
78dc3de2-e094-4172-97b1-79d5cb4be982,Retail,IN,2024-09-23,LOW
1b28e6ca-d4bd-44c3-92bf-a94ec414a46f,Marketplace,FL,2024-11-15,LOW
e5901deb-c368-4579-b533-4ca94a6d6b08,Retail,AZ,2024-09-19,LOW
9e49e92b-db49-4a5d-ae80-0fd675b412a9,Marketplace,MI,2025-01-08,MED
949390c7-db6e-471f-93fd-64b8bffe323d,Travel,NY,2024-10-02,LOW
7d57ecf3-32cd-4f75-afb0-e061d51ae639,Subscription,NY,2024-07-18,HIGH
30d66f10-16d0-468a-ae8e-fa0176f72598,Retail,MA,2024-10-07,MED
fc567620-d913-46bc-b443-71f4fb0dc405,Subscription,PA,2024-08-27,LOW
6e133b71-6bde-4bb3-aae5-e0be812aa439,Travel,IN,2024-11-13,LOW
760bc48b-f85e-40c0-a760-1fb9006dd6eb,Subscription,VA,2024-08-12,LOW
24adeb49-aee9-4153-8bc4-88e9f087fe86,Retail,WI,2024-09-14,LOW
38057927-2a7d-456e-9a83-7684b31d19b2,Marketplace,NJ,2024-07-29,LOW
58d38bb9-a82c-4478-9148-5c8139a0c89f,DigitalGoods,FL,2024-09-19,LOW
04264b9f-3bb7-4f12-8f76-61291284dfc2,Retail,PA,2024-12-11,LOW
e0aeb435-156d-458f-b5cc-c0d5f81f9479,Retail,CA,2025-01-07,LOW
152179b2-8a25-4380-b681-04cc9410deb4,Retail,WI,2025-01-11,MED
e82f389a-65e2-4d9b-9955-7fa0f4ffd854,Subscription,TN,2024-12-17,LOW
a1b68114-2079-425b-90c2-4c7468f8bf18,Subscription,MA,2024-11-01,MED
4958f133-9eef-4154-a94a-213c9e13f1f9,Subscription,IN,2024-08-26,LOW
c3a91f2c-7c7a-41c7-ab92-feafe6c73774,Retail,GA,2025-01-15,LOW
cd850259-1ca9-4022-a557-0a4a5f07d977,Retail,VA,2024-12-07,LOW
4bb8a1dd-ae1d-411e-9c68-1d2d4d251b21,Subscription,MI,2024-11-12,LOW
b596050f-c785-4659-a0f6-89534c354954,Travel,MA,2025-01-28,MED
e6cbfcdd-19e2-4a99-9ef6-f2c59250b33f,DigitalGoods,NC,2024-12-01,MED
9dca264c-09d0-4d56-a820-8ec7169978a8,Retail,TX,2024-10-08,MED
0808c418-f8e6-41ee-b802-140dd374dc4a,Subscription,IL,2024-12-17,LOW
0dc66471-e442-4cad-9414-cf94b6e80f2b,Travel,PA,2025-01-20,LOW
b69e4d43-622f-445a-9ce1-73974d1f8fb3,Travel,OH,2024-09-14,MED
3eba6be4-6b50-4772-a464-9697a4bba61d,Marketplace,CA,2024-09-04,MED
1cfd8ae7-080b-4b78-b667-20fa6ae6aef6,Subscription,OH,2025-01-05,HIGH
703983b2-258e-43d2-b06f-883f529bad0e,DigitalGoods,WI,2024-07-10,LOW
002e83f7-22e6-4460-a334-8f2e2112349c,Retail,VA,2025-01-26,LOW
5b6f6249-8a8e-4149-8c04-eaa0cd4eb0b8,Retail,TN,2024-08-05,MED
2e08aa4c-129e-48e8-aa7f-a083a646f109,Marketplace,TN,2024-10-11,LOW
95fe9179-a7ab-4b7f-b5f6-dc4eae567d4a,Subscription,NJ,2024-11-19,MED
c4169a94-1faa-42b7-8c81-c2d565ee445a,Retail,FL,2024-11-12,MED
5213b629-cc88-46fa-ad01-efdbca352a16,Retail,WA,2025-01-07,LOW
f225c781-dda4-4366-b446-c0df19b8f7a8,Retail,OH,2024-09-18,MED
19cb9732-ca2a-4ae6-af1b-72afefa4d6e8,DigitalGoods,FL,2024-12-28,MED
eb66f551-71db-422c-bd29-88bb8887de75,Retail,MA,2024-09-01,LOW
4105872b-914a-4a88-beef-722ef1fc5cd9,Retail,MD,2024-08-04,MED
cab6010d-8bb3-4761-9688-f39e2853833d,Retail,NC,2024-10-05,LOW
a68e07cd-3191-438d-8204-1361860f8488,Retail,NJ,2024-09-11,MED
de28dad3-93d6-4b57-b457-050bdc50a574,Retail,GA,2025-01-10,LOW
c6ab69e0-3c01-4cd5-85d5-81e86e9a239d,Subscription,CA,2024-08-25,MED
7f6f7aed-78e9-4071-95d1-27e3dbd28045,Retail,GA,2024-10-01,LOW
b7516838-87c5-4578-b586-18c33d05a94b,Marketplace,WA,2024-11-08,LOW
ccdcf0af-c2bc-45f4-a003-4277c8f5cb9a,Retail,FL,2024-12-20,MED
0a47eeec-41c1-4a34-8602-b59be16872bf,Subscription,GA,2024-08-04,LOW
f18dedb1-5fee-4f27-8b1a-2fc5ec6f065d,DigitalGoods,NY,2024-09-26,LOW
4d0f3dcb-fff3-4b7e-9c8e-fbc3b8632a2b,Subscription,NC,2024-11-08,HIGH
ad46d32d-a332-43f6-b2f0-496801ba1858,Subscription,TX,2024-12-01,HIGH
a65db370-5154-4d7d-bbd8-78dc53aec9d3,Retail,TX,2024-11-13,LOW
adc53b63-38c0-4c2d-ba1b-47ee7204f79f,Retail,WA,2024-07-17,LOW
2967aad0-6905-40ec-a644-bef616442784,Subscription,MA,2024-08-18,LOW
18435450-2de4-4e38-a18b-603f7a8cee3a,DigitalGoods,VA,2024-11-08,LOW
cc5891cd-28a3-4508-b132-6e1d2b19616f,Subscription,FL,2024-12-21,LOW
64949d96-9191-4d92-9f7e-1e55303ac092,Subscription,GA,2024-10-26,LOW
93661764-9003-4bce-aa15-7ef68540e466,Marketplace,NC,2024-12-28,MED
26cf5e4b-3976-4621-9d9d-0ec57a2ed93a,Travel,IL,2024-07-24,MED
03bf37b4-03c5-4f49-8312-68f44dc16d8f,Retail,WI,2025-01-25,MED
7bbccea0-3c20-42a1-a46f-26b0b571d275,Subscription,MO,2024-09-23,LOW
ce20322e-bfcf-4bde-963b-5cc2234698ee,DigitalGoods,NJ,2025-01-02,LOW
7142a9fb-d190-498f-a5b6-db6370be3c6b,Retail,MA,2024-12-15,LOW
f43eaf02-863d-4971-905d-dd5f3de83af2,Subscription,NC,2024-11-10,LOW
8514b227-8f0d-47d4-82c9-210887f619a9,Retail,IN,2024-11-24,LOW
90670e3c-43fe-49be-93a9-13051cf90592,Subscription,VA,2025-01-25,MED
36f18bf0-1fb7-424e-80f0-a1513898094c,Retail,OH,2024-07-21,LOW
a6d959c9-c1ab-4af9-8725-4d619dd5e81c,Travel,MI,2024-12-03,LOW
bd36d820-36f1-42c3-b960-a4ce9ce33336,Marketplace,MI,2024-08-31,LOW
e1636685-5771-472d-ba1c-23f213aff918,Retail,WA,2024-09-14,MED
e37eb443-6bfd-4290-8e56-9217725b5118,Subscription,MD,2024-10-21,LOW
8cf29bfc-361d-40ba-bfe0-685baa646f65,Marketplace,NJ,2024-07-27,LOW
ba9361ba-9b76-4f55-aeb4-0b595fed970b,DigitalGoods,WA,2024-12-25,LOW
ec3635b0-15c4-4a23-88a0-50f3007db629,Retail,GA,2024-09-14,MED
5e724328-6e8b-4476-bdd1-5aaa7ed831bd,Retail,GA,2024-07-12,LOW
11876742-1bb3-4f90-a99c-b0b0a8a5179d,Retail,FL,2024-09-01,MED
18ba8183-0019-4cfa-a299-9dcdf08761ce,DigitalGoods,MA,2024-10-23,MED
c7d7a991-beda-49b3-93e3-52c7804d8f98,DigitalGoods,NJ,2025-01-07,LOW
1aa66e6e-503f-4667-bf74-1a95d5a7be2d,Subscription,NJ,2024-07-17,LOW
b1da31ab-bee2-43e6-9d35-f8fb7bbf2068,Marketplace,CA,2024-12-18,HIGH
099ed395-e8e1-4801-8de5-edb752d88d86,Subscription,IN,2024-12-07,LOW
c1741c7d-3e1f-4107-bf64-ea2538246244,Subscription,MA,2025-01-09,LOW
d3ae3cf1-6421-42a5-b06a-a9cfaf4bf81b,Retail,WI,2024-07-20,MED
a7d01bbb-595f-4384-92aa-5555b586ac61,Marketplace,PA,2024-10-31,MED
2990f1a9-1ee5-41a3-811c-409434bec905,Retail,MA,2024-07-06,HIGH
78928bd3-3f4d-4b53-b445-1706efe110ca,Marketplace,NC,2025-01-30,MED
d5360bda-3280-4806-9eee-6d95bf99cd02,Marketplace,AZ,2024-11-26,LOW
c9ae1b46-aad7-4559-94b3-0806974dd76e,Marketplace,MO,2024-08-03,LOW
b3fca438-27b7-456f-a760-7902fb52f83b,Retail,IN,2024-10-15,MED
394d4da3-e220-4346-b7a2-f8676a4b01c9,Retail,MO,2024-07-17,LOW
61738b4b-6da0-4b11-a099-ee2054dab937,Retail,IL,2024-10-08,LOW
409eaf79-a856-4a57-b40f-2522805fbfcb,Retail,WI,2024-10-06,MED
0abe7897-842d-4d14-8fda-a61962746ad4,Retail,WI,2024-09-24,LOW
21f8b495-b5d2-4c20-8649-2241fac40096,DigitalGoods,NC,2024-07-17,LOW
c59393de-7723-48f9-8a81-74f66872d2b2,Subscription,NJ,2024-12-22,LOW
3798a750-94c5-4e93-bddc-b5d078fb12fa,Retail,CA,2024-10-06,LOW
2c2096f6-ecd2-4aee-9f92-0896bedb3b08,Retail,MO,2024-11-30,LOW
c154d652-abd3-4f63-9223-fa3b41f6ddee,Travel,PA,2024-10-24,LOW
897d1fda-e280-41bb-b07f-617e73c3b121,Subscription,TX,2024-08-28,LOW
74a57fc3-7d59-4ac8-b12e-b5e8cd4784c0,Subscription,MA,2024-09-23,LOW
d017c3f3-48cf-446f-96f9-2621f7b0133e,DigitalGoods,AZ,2024-12-19,MED
77c987c3-62b8-4596-841d-46ab6311900c,Travel,IL,2024-10-28,LOW
09328842-d3c6-4f77-99d1-2a4122a6f42d,DigitalGoods,PA,2024-11-24,HIGH
af0950f7-6eaa-4bf6-a70c-0c1357219027,DigitalGoods,PA,2025-01-21,LOW
d75eb2ce-1cfe-438f-8c94-090466b9dba2,Retail,MO,2024-12-31,LOW
68689824-1e72-4fce-a328-0af886b89a2d,DigitalGoods,AZ,2025-01-22,MED
55a8814f-9683-4755-8b43-be0d69849b7d,Retail,MI,2024-10-20,LOW
0ddbc85e-f7b5-4380-afcf-a9fd484d950c,Marketplace,AZ,2024-08-26,HIGH
e63e444f-26e7-4302-883b-0074fe961368,Retail,WA,2024-11-09,LOW
51a0387e-cdcd-44a0-bf3a-710dad2b078d,DigitalGoods,NY,2024-12-31,HIGH
e27d4a7a-210a-4a56-838d-d7ad6ee0323a,DigitalGoods,PA,2024-12-09,LOW
37ea2dab-e7d1-48bd-b235-cd890f0d3f42,Marketplace,GA,2024-12-12,MED
22a54745-71ef-4061-a5a5-c29a905b46a8,Marketplace,VA,2024-08-30,LOW
e16f647b-82c1-48fe-95b4-81dd9517ed06,Retail,WA,2024-08-25,HIGH
41010184-4be0-4f12-9a06-ffe0ff74df72,Retail,NJ,2024-11-18,LOW
b7fa9c42-b8ae-4ee9-b7c0-425eeacbaa5f,Travel,VA,2025-01-02,LOW
4034994b-60f3-47d0-9ae1-648ec098aceb,Retail,CA,2024-10-23,HIGH
9e99dafe-756f-4975-bfa1-2a1628017827,Subscription,IN,2024-07-05,LOW
c8e3176a-5cf6-4533-ad50-158f81167124,Retail,TN,2024-08-17,LOW
a5fdd67e-a39d-466f-af83-a6d811538256,DigitalGoods,NJ,2024-09-17,LOW
ca6ab93c-d2f1-4db5-8114-b3d9ec23580e,Subscription,WA,2024-10-10,LOW
b0e38b2b-f247-4a03-8ea1-475908e4c80e,Marketplace,MO,2025-01-28,LOW
adf4b2e4-12de-420a-b76a-a5abf981aef7,Retail,NJ,2024-07-13,LOW
a6e0246c-9556-4832-8db5-840482ceebb3,DigitalGoods,VA,2024-08-05,MED
6f6d4208-612d-478f-a3e4-7f5361065a11,DigitalGoods,PA,2024-07-19,LOW
8417598c-9ce6-4016-8901-dcce3e061f3d,Travel,NC,2024-11-21,LOW
9cd6a73c-038d-4df5-9a6d-a540580e6b01,Subscription,TN,2025-01-26,HIGH
43c7faac-51f2-4442-a00b-9e0bb2ad0066,Marketplace,FL,2025-01-05,MED
121c4328-7175-4646-a599-6c8ca4691f03,Retail,NY,2024-11-17,LOW
6ff85681-8b07-485c-932b-7420962404a4,Subscription,TN,2024-09-14,LOW
17a78540-2c34-463e-9ec2-4489ebb24732,Retail,VA,2024-12-06,LOW
9a7b0c9d-2449-49e5-8e97-e8bcfba14570,Retail,NJ,2025-01-10,LOW
ef1a9b23-7211-4fc8-8f9b-10859425fe19,Retail,IL,2024-07-16,LOW
7d574ee1-39c6-4f26-8b6f-72f2ddbd40e8,Retail,MO,2024-09-07,LOW
02e19ced-cd84-49e4-82dc-475a694aa7f4,Retail,MD,2024-10-19,LOW
4f2b9d09-49f8-4524-a71a-d98c4dd95db3,Retail,PA,2024-08-15,LOW
0350a230-8e03-4dd2-8563-02474fd07070,DigitalGoods,MO,2025-01-10,HIGH
032122fa-9f06-4a6f-8313-61f70ffa4252,Subscription,PA,2024-10-27,HIGH
334a1eaa-1ef6-4897-8d74-d68fd323530f,DigitalGoods,FL,2024-11-20,LOW
2866f690-5027-44a7-b674-00644f0d96a3,Travel,VA,2024-10-15,LOW
18f6432b-ce79-449c-897b-89864d925104,Retail,MD,2024-12-22,LOW
43cce534-c8f3-4ab0-8322-6565f594f75d,Subscription,TX,2024-10-07,MED
e0575d85-1c6d-4d98-bf41-fa74987337d2,Travel,IN,2024-07-21,LOW
8836ce0a-2a7d-494e-9edd-cd1e7a5f0a75,Retail,NJ,2024-12-11,LOW
b03e0b5b-5f85-4ed8-8916-e5495a014c78,Subscription,NJ,2024-09-27,MED
67cfea2f-ee75-4b69-97cc-fa547374ba87,Retail,TN,2024-12-19,MED
7f01100d-c902-48a6-9cfb-4ede3ea1121f,Subscription,TX,2024-12-02,MED
a2d44503-561a-421c-bf55-52223af0432a,Subscription,TX,2024-08-29,MED
c96e4466-04cc-4abc-877f-af4faa94610e,Retail,GA,2024-11-15,LOW
08cdd724-bad2-44af-b419-6c8b119e4331,Retail,WA,2024-09-28,LOW
40645799-0f2f-4323-8fbc-d9e19293233b,Marketplace,MI,2024-12-29,MED
cddcadc9-421d-424f-ad62-fbb11e48a314,Travel,GA,2024-10-14,MED
d55b6c65-e214-40ca-867d-e19b6395530e,Retail,FL,2024-12-16,LOW
a8db4689-4995-4b6a-a628-e35b4c0390f3,DigitalGoods,MA,2025-01-12,LOW
77d3b4b0-fc97-405a-bc39-cce79b919f04,Retail,CA,2024-08-27,LOW
99d59f5a-abaf-4553-8f65-e8602ce64534,Subscription,NJ,2025-01-20,MED
785d372d-5ac7-4586-abf4-0eb3290bd947,DigitalGoods,OH,2024-12-28,HIGH
7f0b2dde-8747-437c-809c-087f9a5c79c5,Retail,IN,2024-10-27,LOW
46bf4c75-df9b-439e-9998-237a8596ea2d,Retail,WI,2024-11-20,LOW
4171756a-0e98-4f59-9bdc-36d73fd1e680,Retail,MO,2024-09-30,LOW
835935e9-ef1f-4eec-85e3-60a434955924,Retail,VA,2024-08-22,HIGH
720516e2-bfdb-45a1-bd4f-60ea43e1f4f3,Retail,NC,2024-11-30,MED
7279068b-6e0c-42b8-b7a1-4428bd6415ca,Subscription,IL,2024-10-27,MED
02a5a985-13d1-444e-977b-9852e9692f9c,Retail,MI,2025-01-14,LOW
6c2126b1-a17d-473c-9b98-e04ef2fe7893,Subscription,FL,2024-09-05,LOW
8aa595fe-95fe-4abe-8a96-af11ebfe9652,DigitalGoods,IL,2024-10-16,LOW
9b58ac89-2cc3-4de3-8c31-5233261fd39a,Marketplace,MI,2024-09-25,LOW
f784aedc-a588-4345-870d-3af422115769,Subscription,NJ,2024-10-15,MED
65bd404f-26c5-440e-b49a-b9c14d201953,Retail,MI,2024-12-07,MED
c59a1e33-8068-4ca1-bac4-0d340547ecfb,Subscription,GA,2024-07-21,HIGH
39a5a6ee-43b8-4321-b7eb-9e8fac31dfee,Subscription,TX,2024-07-10,HIGH
e550c01a-662d-4bb5-8de4-c46a74f617a1,Travel,GA,2024-11-28,LOW
e0d3cd39-6c28-4519-ac10-fa90862ecf7c,Retail,TN,2025-01-04,MED
7d292f54-c70a-4679-a1f4-bcd94795bcfa,DigitalGoods,IL,2024-08-01,MED
f1896ee9-3e33-493e-ab3c-f7c9d4c9c993,Travel,NY,2025-01-14,MED
c453c32c-3d71-4854-a0c7-d07fa4a32081,Retail,VA,2024-08-11,LOW
79998b7b-e103-40ce-9dd1-6c6cdd7a4c67,Retail,WA,2024-10-31,LOW
b806fa56-064f-4ca2-ac6e-e46a463bb162,Travel,WA,2024-08-10,LOW
36c1473b-120e-42bb-9382-370700175520,Marketplace,MI,2024-10-27,HIGH
75c6d900-8059-4c4b-9d02-ee80151a0d22,Marketplace,FL,2024-09-10,LOW
bd84c6a6-0c51-4f5e-8871-9daf0c4d1062,Marketplace,NC,2024-12-28,LOW
b389ca2c-890c-4bcd-a58f-a2827c376baf,Retail,TX,2024-08-16,LOW
0c35cd84-e662-4355-8125-c36009da0efb,Travel,MD,2024-12-15,LOW
c4d8bf76-4caf-467a-89e6-90c9ec192718,Travel,CA,2024-08-31,LOW
e970d14e-6176-46e7-aab9-59ff73558135,Retail,OH,2024-07-17,LOW
3a19957e-6864-4d37-81c5-40bc8578a303,Retail,IN,2024-08-25,LOW
2b31b87e-3f91-4f13-bf7c-da0316875372,Marketplace,NY,2024-08-31,LOW
b682486f-725d-4317-b71b-11802a2fd5ce,Retail,WI,2024-08-05,MED
114fa447-90ab-4951-b60a-c1b664326deb,Subscription,WI,2025-01-29,LOW
ce519048-4294-4ee5-926e-9a7c65ea0c84,Retail,NY,2024-10-17,MED
09e4b489-d8d0-4f8e-8b73-f2092537b198,Retail,NY,2025-01-08,LOW
3b6a2bda-0fa3-400a-9db5-7c5fb4d094dd,Retail,IN,2024-09-25,LOW
99e18e44-32bc-4015-bb0e-27a1fd5a6ca3,DigitalGoods,OH,2025-01-06,MED
f8cdde63-ff44-486b-aa36-62747ff84aee,Marketplace,AZ,2024-10-11,LOW
bd7c5fb2-9ac0-4575-ac5c-66dd0fe8dcb4,DigitalGoods,IN,2024-10-16,LOW
1dc86ff7-1bf3-4624-846e-ae8ff14d5f98,Travel,MO,2025-01-04,LOW
369dd208-322f-45a4-a762-4888c474d80e,Retail,WA,2024-08-01,MED
0b0f56da-2154-4537-b6c0-d442f391e9a3,Subscription,WI,2024-11-10,LOW
f30e2fb5-36a3-446d-b43e-dd596ddbf4ff,Travel,WI,2024-12-21,MED
3445312b-31db-4393-9223-9192c69d192a,Marketplace,MO,2025-01-30,LOW
a7f3206c-ece5-479b-bafc-5ec26632b004,Retail,FL,2024-08-21,LOW
fc793aa5-7bc5-4827-bb82-9af852db8065,Travel,CA,2024-08-13,LOW
0fe8dd45-c7b5-414b-a1a8-f343ccfd63d5,Retail,MO,2024-10-09,LOW
1855f347-9965-4cdd-be34-69c5b71d456b,Retail,CA,2025-01-11,LOW
60060464-fd2b-41fb-836e-edcc604a36f9,Marketplace,WA,2025-01-24,LOW
35363c35-0a54-42b6-a9df-6505d667ec52,Travel,WI,2025-01-20,LOW
2b23b4f3-e4ba-4247-9417-19f71315d160,Retail,WI,2025-01-28,MED
a5f0eac0-d0a2-494f-913d-84b27fa96f24,Retail,MI,2024-10-26,LOW
fdf3575f-25e3-4a53-8bfd-f46c6dd01db4,Travel,NJ,2024-11-13,LOW
1cc91952-62e3-4d02-8f35-029dce14794f,Marketplace,NC,2024-12-17,MED
1279b127-ef60-4e42-8e2a-e2a205f0d95a,DigitalGoods,NC,2024-12-06,LOW
74bd5618-fe9b-43c6-a30a-701711ef33e0,DigitalGoods,IL,2024-11-18,LOW
cfa4e2db-65b3-4f01-a840-32b18b961749,Marketplace,CA,2024-10-23,MED
c656deb0-6cdb-4a98-ab12-3134036b0924,Retail,IN,2024-11-25,MED
4c648b29-4f81-4fc1-b89f-f532dd69acee,Subscription,TX,2025-01-04,LOW
82623a44-b4e9-4b07-9b22-554083b18246,Travel,WA,2024-09-18,MED
66482349-6c07-40b0-8bcd-d0573032745b,Retail,NC,2024-08-04,LOW
656f034c-e3ed-4f41-8c9b-d34abf6d9422,Marketplace,FL,2024-10-31,LOW
7abc4a36-e5de-4128-bf56-c1b2acd88762,Retail,IL,2024-11-23,LOW
ae569f4c-0c2e-46d7-93cf-18dd7f73dc5c,DigitalGoods,NJ,2024-07-29,HIGH
f8bff504-4d05-4b48-83d7-cd733476c044,Travel,MD,2024-08-07,LOW
9a2d67ec-5bc9-446a-9f3b-ff9b7937e223,Subscription,NY,2024-09-09,LOW
f135d549-c334-49f8-98b3-1083a76eea2f,Subscription,VA,2024-12-03,LOW
1e108ff3-7639-460a-bd36-1f4dc2400f3c,DigitalGoods,MD,2024-10-30,LOW
6c411a65-da5a-484a-85ef-4f16c2db8368,Subscription,MD,2024-09-15,LOW
6a7d1881-325c-4385-9874-7bf875ced2bb,Subscription,WA,2024-07-30,LOW
c7808e71-1db5-4cfc-bc33-2afa7de4d2d0,Retail,OH,2024-11-29,LOW
11804d45-0cdf-4ed1-8d95-3e6b9fec0df7,Subscription,MA,2025-01-12,LOW
8f77431e-2f8f-47d7-bb02-99ece7ff53f9,Retail,OH,2024-10-16,LOW
f449f526-ab88-4f98-b131-d06aca820e49,Marketplace,GA,2024-07-14,LOW
9e0924fd-5f65-43d1-bb34-c6c9632b24dd,Subscription,IL,2024-09-09,LOW
cfd43c88-787d-415b-a600-b20b7b57a43f,Subscription,AZ,2024-12-03,LOW
c5218ec0-4d78-408e-801c-19769f52726a,Retail,FL,2024-07-09,MED
7918b387-fbe0-497c-9aa1-b51ff7acf44c,Retail,MI,2025-01-15,LOW
62e757e3-6ba6-4b41-bd6e-0be7bc0f84f4,Marketplace,WI,2025-01-06,LOW
a698786a-0698-41d8-9cb5-360a38db839e,Retail,MA,2024-07-31,LOW
75225287-6fae-4965-9bc0-c858bcd5b65d,Retail,MO,2025-01-28,LOW
29075800-b338-4e3e-9d06-228867f09f58,Retail,WI,2024-10-25,LOW
c0dbe920-3005-42cc-8230-a7351a19c086,DigitalGoods,WA,2024-07-19,LOW
437b4029-7872-43ce-835b-91c02e7efd3a,Marketplace,GA,2024-12-14,LOW
9f95c631-2c18-4373-b2fe-25ddb56a780d,Retail,NC,2025-01-24,LOW
eff54861-40ea-485e-a415-e75a16d4da38,Retail,TN,2024-10-17,LOW
571444da-4cb4-4137-a6a2-5d7c5d9e7480,Retail,MD,2025-01-01,LOW
75145551-1c13-4f8a-b3db-2e7265a8df08,Marketplace,TN,2024-08-17,LOW
d9153b3a-f628-49cb-b70f-13e9e2305553,Subscription,OH,2024-07-30,LOW
004b4f9d-fddc-45b4-9065-f4ee256f26b4,Retail,AZ,2024-12-26,LOW
90ca499d-77eb-4932-8028-3a256449c640,Retail,AZ,2024-12-13,LOW
ae1f25ca-1ec2-4058-a38d-e3b5673c4b5e,Retail,FL,2024-10-07,LOW
f6cf2f79-a8b6-4098-ae0d-336ff2580843,Subscription,MA,2024-12-29,LOW
3220d988-0499-4453-8f28-d51e62e5ede1,Marketplace,NY,2024-09-26,MED
d05000e1-9b0e-47f7-b8f7-18947600fbf8,Retail,IL,2024-11-21,LOW
a62571c2-ab83-49b4-b750-caee753c21c1,Retail,CA,2024-11-13,LOW
2602f784-fc8a-40ed-a747-6c36c3f7b3d1,Retail,NY,2024-09-29,MED
97b95411-517f-4b28-a083-db67f30be352,DigitalGoods,MA,2024-12-27,MED
cb41467d-6e92-442b-94d9-7c3b893f0721,Retail,GA,2025-01-03,LOW
7c7112d1-7f55-489a-b293-ac32f6f75c00,Marketplace,FL,2024-10-24,LOW
eaabae16-7ffc-4f50-9e71-02abb52b6827,Subscription,TX,2024-11-10,MED
e5c6bdfc-76d2-4491-8d15-20c7f234b7bd,Retail,MI,2024-10-01,MED
85127d83-50b3-4d48-a26a-c6b246794146,Retail,FL,2024-09-08,LOW
7de2c0dd-a576-438f-8aff-0f3e1034c5e6,Retail,NY,2024-12-09,LOW
65685209-7324-4404-97e5-cabaa90cbb0b,Subscription,TX,2024-11-12,LOW
86c4a37d-da79-44f2-9b26-d7ac52b4d42a,Marketplace,IN,2024-11-03,LOW
63cd3f42-4395-4acd-8439-2a6e348649fc,Subscription,WI,2024-11-30,LOW
68f8a7ce-b57b-478f-8224-e7779585e7c2,Subscription,WA,2024-09-26,LOW
dbc7ee40-2240-42bb-a2d4-6b6635846d3b,Retail,IL,2024-12-28,LOW
bb2bcad8-6538-4350-bb23-cd38ff073fa1,DigitalGoods,NC,2024-10-28,MED
1a6493ca-3dc0-4439-bb59-adb3df933f16,Marketplace,PA,2025-01-10,LOW
6c45ad3d-73ab-4887-95e0-4943ee227ebc,Retail,IL,2024-10-28,LOW
cfa02e26-8ca0-4901-8c86-2959e4af62ec,DigitalGoods,MI,2024-08-11,MED
d45e8158-50bd-4f3b-afe3-9d5d6b97ae59,Subscription,GA,2024-11-24,MED
b539e742-00e8-4166-8c2c-202652340834,Subscription,OH,2024-10-22,LOW
5bec68c0-8aa5-407f-a5da-17d5e975ef8f,Marketplace,OH,2024-12-31,LOW
28f18126-0f33-4498-9923-ed0c15def19e,Marketplace,PA,2025-01-27,LOW
e674f2f5-45b4-4dda-920a-6ca15cde81c2,Subscription,WI,2024-08-19,LOW
65854f79-8883-4402-ab42-c74a9f2d7d88,Retail,NY,2024-07-29,LOW
511790a1-40c8-4b01-bd1c-eb8f7a70f481,Retail,MD,2024-07-25,LOW
c7d6eb7d-bd30-415b-9e8f-61e9500c06aa,DigitalGoods,MA,2024-11-02,LOW
11cf98d1-a9fa-4be1-8ac6-374104c4bdde,Retail,FL,2024-11-03,LOW
34cca8e0-0dcf-49d5-a1e3-c7859c3afb5f,Retail,VA,2024-11-14,LOW
a93aaec1-3471-4f42-bd2d-159f1c4a1d69,Travel,PA,2024-09-12,LOW
15b98931-7fa5-4543-a7cd-eb354fc9508c,Travel,MD,2024-10-25,LOW
f5e06ee6-e57b-481d-973c-384a65fecbe1,Subscription,FL,2024-10-19,LOW
940f5711-de2d-440f-9494-2f7d41b1c7c0,DigitalGoods,MA,2024-10-24,LOW
3cab4776-a5dd-44c8-a3db-5a1fb059f770,Retail,NC,2024-10-20,MED
4500cd19-c8d2-4e57-a600-2851870e69b0,Retail,IL,2024-08-20,LOW
63ca9c49-c0d7-47e3-8e65-61e35d4bc35a,Retail,WA,2025-01-16,LOW
ed49be5d-ceee-47ff-b5e2-b214b1aba1db,DigitalGoods,MO,2024-10-03,MED
ac5a7a91-8d68-4303-a367-85b19213523b,Subscription,IL,2024-07-22,LOW
c9b81b57-8cf2-400e-99bc-7d6597d07514,Retail,TN,2024-11-30,LOW
2d33e0ec-87d4-476b-b4ce-6466cdef766f,Marketplace,MD,2024-10-16,LOW
738acca1-bf75-4376-b451-c5809cf8e4fa,DigitalGoods,AZ,2024-12-02,LOW
becb1993-9b95-42fa-a1b3-e2d32e2bc478,Marketplace,TN,2025-01-12,MED
27a8c2b0-5135-4391-8dd1-4b2bec00f973,DigitalGoods,MA,2025-01-15,LOW
9556aeb9-3049-4d50-87b3-de5e05684200,Retail,FL,2024-08-13,LOW
7c628741-584e-4f96-b4b8-b73cfde1794b,Marketplace,OH,2024-11-19,LOW
bb7739f6-760d-47f6-a942-47a4bd5456b5,Travel,TN,2024-10-01,LOW
e7cb28c1-528a-4eab-a989-ab8dd56e4dd2,Marketplace,GA,2024-12-31,LOW
0f03843a-5502-438f-9007-fefd5154018a,Marketplace,IN,2025-01-20,LOW
ebc78cbb-6f5d-408a-8957-b546e66f9ea7,Marketplace,TN,2025-01-23,LOW
6be83d54-0638-490c-af99-d9483fb72e1a,Subscription,MI,2024-09-03,HIGH
9de3a3d5-d4c1-44b9-b015-79641a2d429e,Retail,MI,2025-01-12,LOW
ad5907eb-ad89-41ff-8f0a-10e5a1263f8e,Subscription,TX,2024-07-09,LOW
5eca7458-930d-45e5-99c0-7e2a5515aa1a,DigitalGoods,NC,2024-11-03,LOW
d919056d-016a-4362-b101-1357402450a3,DigitalGoods,IN,2025-01-01,LOW
ea462910-71ce-4044-9583-556bb79ba79c,Retail,NJ,2024-08-28,LOW
1304ef56-2fce-4e1e-9fef-e525adb65cba,Retail,MI,2024-08-10,LOW
862bb917-6059-41ea-bf9b-01501d7580d4,Retail,IN,2024-08-29,LOW
bc404e2c-5fe4-4de0-b4ac-249e95caa4c8,Marketplace,FL,2025-01-07,LOW
71016a94-2145-44f4-90d9-e0f593f3eb4e,Marketplace,TN,2024-10-14,LOW
d13a5f04-3c32-4c04-ab29-f6a79fc6f334,Retail,WI,2024-10-05,MED
6b576050-d445-481d-b866-0061232a9542,Subscription,MA,2025-01-17,LOW
76756b14-0009-4afe-ae6d-ae1f7816e1c7,Marketplace,IL,2024-09-15,LOW
565831fe-c380-4990-b107-e48d2f4a909d,Marketplace,PA,2024-09-01,LOW
50542226-83c8-4801-b3ca-8b7df3d10994,Subscription,IN,2024-07-06,HIGH
e0a7002b-9343-46e5-8071-43f45cbfffbc,Subscription,CA,2025-01-13,LOW
dd7d5b7e-e8b7-4d9f-98cd-b3d4949e5ca9,Subscription,MD,2024-10-16,LOW
3ce45be5-1451-4e1b-b431-5cb26611d40f,Retail,FL,2025-01-08,HIGH
455b8db4-5b6a-4f7d-a2e5-0d798c540bb1,Subscription,IN,2024-08-24,MED
4b1ff56b-76d7-4c29-9550-f97e4e40cf13,Subscription,NC,2024-08-03,MED
9db09720-2a4f-4114-8763-0058957aa300,DigitalGoods,TX,2024-07-15,LOW
59ce0262-f889-4f41-912a-508d24f5301d,Subscription,GA,2024-10-20,LOW
88851d67-9bb7-4b86-a412-f95e441b3642,Marketplace,MA,2024-09-18,LOW
591ea8ad-6b5d-4ef7-b5d8-e3867741e3b1,Retail,OH,2024-12-18,MED
f770ca77-d9d2-487c-a4f5-a08e7df15616,Travel,PA,2024-10-02,LOW
9b7f30c9-b547-4f1e-b59f-81823d6a025b,Retail,CA,2025-01-25,LOW
f97b8db0-36e2-493d-88a5-1fef2e542120,Retail,MA,2024-11-04,LOW
212c2355-ab1a-444f-be1d-228da332b8ef,Marketplace,OH,2025-01-20,MED
78497eda-f591-44e8-9459-1d207f1517d0,DigitalGoods,IN,2025-01-11,LOW
91bd0f01-2134-43dd-8aef-690b856752cc,Retail,TX,2025-01-12,LOW
4964cabf-b92f-4f47-9ad8-1f2e16400f72,Travel,NC,2025-01-09,LOW
21da8170-fd38-4abb-a883-7cbba683a427,Marketplace,NC,2024-11-06,LOW
bd7e5742-e669-499d-8a55-df372029aa1d,Retail,WA,2025-01-02,LOW
31afe6eb-0bd3-4ea9-8879-56dfdede4e80,Subscription,PA,2024-11-03,LOW
292a6244-20bf-43a6-9d33-bccbe5605744,Marketplace,PA,2024-10-06,LOW
3f554a72-7de6-402f-9165-f9aab60d0c8b,Subscription,WI,2025-01-21,LOW
0f19137f-f151-438e-9e86-fc4685d3b477,Retail,WI,2024-10-15,LOW
f2851a8a-812a-41b4-8882-e36a9060f42e,Retail,NY,2025-01-06,LOW
d1c40321-500d-413b-8ad2-d74c7157356b,Marketplace,IN,2025-01-04,LOW
fa49c73b-fe8a-4ec4-ab50-9aa1137b8444,Subscription,IN,2024-12-13,LOW
2baba658-8f3d-4b07-8106-94b359384913,Retail,VA,2024-08-04,LOW
4d212c55-64a5-4db9-9814-95bf5894590d,Marketplace,TN,2024-08-25,LOW
a6a31e4e-ae34-4200-b80e-83c147cce3f9,Retail,MA,2024-10-01,LOW
c81907a5-eb7f-4980-93dd-e533d2ff582f,Marketplace,WA,2024-09-18,LOW
3362f8ff-6a55-48fa-b4e4-6de3f01d95b6,Retail,CA,2024-11-10,HIGH
5390d659-d27b-4e92-bcdb-3d9872bf2dbc,DigitalGoods,IN,2025-01-03,LOW
69aa1880-67cd-41ff-805f-bf1b3d12e657,Retail,NY,2024-07-26,MED
29e66024-676d-41ed-b2ee-9d0f925742f6,Retail,MA,2024-08-13,LOW
6fd0dd5f-24d8-4a00-b521-5b5dbbf05d1d,Retail,FL,2024-10-13,LOW
e027f032-eeee-49e7-9672-f7d11b680dcc,Retail,FL,2024-10-23,MED
a1cf04ce-975f-4463-9137-f89e3c17f016,DigitalGoods,MO,2024-11-10,LOW
12e5bbfc-8cdb-4a1d-9980-0a1c8d537011,DigitalGoods,IN,2024-09-07,LOW
410844a6-c860-47d3-880a-c41621034e04,Retail,MD,2025-01-11,LOW
1060b5af-7d28-4e52-98bd-4a6c391f71ca,Travel,NJ,2025-01-02,LOW
941f1c6c-6660-4b71-ac12-0ad5d7af5a65,Marketplace,WI,2024-12-21,MED
373157f6-6c7c-4ef8-8684-e1f5911126cf,DigitalGoods,NY,2024-11-30,MED
bc375110-4e9b-48b9-a56d-8766f65bf6fa,Subscription,GA,2024-09-21,HIGH
39e4f90e-94bf-43b6-b8a3-95505a67d0b0,Retail,AZ,2025-01-29,LOW
f744669c-15da-4161-aed6-1ed5a059b0c0,Travel,CA,2024-07-26,MED
c2506b12-8dd2-4bc4-8585-bfcff5db6fa1,Subscription,AZ,2024-12-17,MED
75533b6c-1a1f-4e60-8be2-d17568e92945,Retail,TX,2024-10-11,LOW
3090bedd-fa8b-473e-8373-8ba86db8762d,Subscription,FL,2025-01-28,LOW
d588879c-5958-4189-90fc-2ee6dc3b193d,Retail,MD,2024-07-12,MED
f04dfa9f-787e-42f1-9845-66f9b49ad596,Marketplace,PA,2025-01-10,LOW
b39101bd-03b6-46bb-bc15-63ef27502e90,Retail,CA,2024-12-26,MED
f7fc1bfd-8158-4ff0-aeff-ab944dc6a0e6,Subscription,IN,2024-07-21,LOW
49405577-8d28-484b-a452-958a972617ba,Travel,GA,2024-07-21,MED
6a7ed4e5-7077-4cc5-aa19-e40499ab310c,Subscription,MD,2024-10-02,LOW
aa455ac4-a35f-439b-b297-0108680dbb01,Retail,CA,2024-11-22,LOW
76cbbb40-90b6-4130-9d5f-33473c031f50,Subscription,IL,2024-11-26,LOW
dd131374-ac66-4228-a6d9-a722571e82fa,Subscription,TN,2024-12-17,MED
50ffab83-ebf3-4538-85f8-0265a5873bcc,Subscription,PA,2024-09-23,LOW
8598b2da-36e8-46a8-850a-2615b05a81dd,Subscription,GA,2024-09-20,LOW
136be254-d967-4164-9137-d5e8240b74e0,Subscription,WA,2024-12-24,LOW
dfbd1c67-a729-4bb9-8f9b-bc64399c1d15,Marketplace,TN,2024-07-10,MED
34b28061-7d16-460e-b8b8-4e909b557312,Retail,NY,2024-12-14,LOW
32b8d908-96fe-450b-a1fe-fbef41259e15,Marketplace,MD,2024-10-22,MED
918dd72b-e3f8-4806-934a-04ae612ac855,Travel,VA,2024-07-18,LOW
eb3f4d2b-164e-4c66-8ad9-cd68ff730d97,Retail,TN,2024-09-14,LOW
a8586fff-e899-4090-bf17-9c955de6b92c,Retail,NJ,2025-01-09,LOW
456e031f-f847-4685-8f48-3a12a10155e8,Retail,MI,2024-11-24,LOW
0957cbd0-e7f9-443d-9ece-2b5822a08689,Marketplace,WI,2024-08-27,MED
77566972-065f-4e14-ab59-017e6cd0371c,Marketplace,FL,2024-07-31,LOW
f11f426e-d285-47f8-b69d-ba361ce73272,Marketplace,VA,2024-07-17,LOW
19827160-40c9-4481-ae6b-57341413b17a,Subscription,TX,2024-12-10,MED
7f823242-4b7a-4052-8523-45df2a719931,Travel,MD,2024-12-14,LOW
9180de4a-0e34-45c7-9a01-dc584fa5cfa1,Retail,IL,2024-09-02,LOW
09f7573d-fe96-4994-bd32-8ac6de5b6fdb,Retail,GA,2024-07-10,MED
305583b6-2f0e-4b24-9708-628b4ee39bce,Travel,OH,2025-01-17,LOW
e5561654-9ffc-4b9b-a68f-dad9bf1806dc,Retail,AZ,2024-08-31,LOW
755419ef-6080-4f93-896b-b9fb2582b060,Retail,NY,2024-08-22,MED
fa5d8afd-92e0-4383-91dc-66d1760d2f6b,Subscription,MO,2024-12-02,LOW
ca872a4f-8304-4be0-a06f-652d68dcb769,Marketplace,TN,2024-12-13,LOW
14a9769e-12a0-4f16-9385-00751abeb979,DigitalGoods,MD,2024-07-30,LOW
6c058d01-58e2-4dd2-be3c-e5bbec62449a,DigitalGoods,MD,2024-08-20,MED
2f34dcde-b7e6-4610-ac67-0fa964bd0f36,Subscription,MO,2024-07-09,LOW
e7ceadff-11e2-43d6-808e-cf113b854b3b,Travel,WI,2024-07-24,LOW
15d343ca-b3e2-4b27-9c1f-78274ffc226d,Subscription,TN,2024-11-15,MED
09cb3b52-8e69-4129-b0a1-423cf296117d,Marketplace,GA,2025-01-18,MED
e73959c5-100d-4af5-96aa-7c9340fc37ed,Retail,CA,2024-09-01,LOW
fb8c71ee-6630-4a2e-a964-3f87cc665b2a,Travel,IN,2025-01-12,LOW
a3211643-2c8a-4872-b01b-1c9c65a5599d,Marketplace,VA,2024-11-27,LOW
434e1272-0682-4bc1-8d8f-28576dde17d5,Retail,NJ,2024-11-13,MED
7c01fdfc-736e-49d1-b84f-b09b296e63e6,Subscription,IL,2024-07-21,LOW
73c2735f-bb3e-4a41-bb72-99a2a3893f8d,Subscription,VA,2024-07-18,LOW
0c07a063-8b1a-4203-88e4-ba6b23e56e3a,Retail,IN,2025-01-26,MED
f6baab27-5128-41d3-8f7c-360654058bcc,Retail,PA,2024-07-17,MED
2c104b7a-9f96-4e50-b2a8-8b0861a69005,Retail,CA,2024-11-16,LOW
41a16980-03f2-41ec-8971-bf4f089a901d,Retail,IL,2024-11-09,MED
75d3c753-631f-422b-80a1-f17c0a44aba4,Retail,AZ,2024-08-17,LOW
79354baf-83ac-4a3f-bd69-fce5409ab993,Marketplace,IL,2024-10-31,MED
a66e0a91-6841-4fa4-a1c8-48a18653a4e9,Retail,CA,2024-11-24,LOW
2374cd9d-8c92-4b57-99d7-1b74450296eb,Subscription,MO,2024-07-23,LOW
7c6351d7-223c-4131-8cd8-c4d8cb81f28b,Retail,TN,2024-09-05,MED
16900eec-501a-409b-8228-40f568be2b88,DigitalGoods,NC,2024-12-14,LOW
ce6da335-804c-48c8-bf86-ab6cc128fbeb,Retail,MD,2024-09-23,LOW
dcc36cd7-fd67-41b6-b29e-9084f1913a77,Travel,IL,2024-12-14,MED
e1fdaf1a-de4b-4a67-b5b9-a201ad67bfe6,DigitalGoods,TX,2024-11-28,MED
67bd0c3e-1118-41c0-978a-e1537f87ef0d,Marketplace,MA,2024-11-29,LOW
1d3df851-cccf-4c8b-a516-120641d01d99,Retail,OH,2024-10-12,LOW
fc5fb074-b4a5-43a5-ac9f-89324bdaabcd,Marketplace,FL,2024-12-14,LOW
6b4b2e63-5602-46de-8b4e-3d8ce320d386,Travel,CA,2024-12-11,LOW
044cb7a5-93f2-49c5-ad5c-13e59faa2c90,Travel,WA,2024-11-03,LOW
df3f4da4-1a00-4893-b534-d40d33682f8e,Retail,WI,2024-12-27,LOW
c9c740ab-a94b-435f-82a9-db21bcf395ed,Retail,OH,2024-08-17,MED
a9add84a-e903-4205-8724-6c4d1b74b071,Marketplace,MA,2024-10-16,LOW
38b3fa3a-f505-45b8-a3b7-f5d7a727fef8,Travel,AZ,2024-12-03,LOW
2574ea5f-923c-411d-af87-49d504ba16c8,Travel,MD,2024-09-03,LOW
89d2c24f-f8fa-4361-bd06-77d734a01f37,Marketplace,WI,2024-11-06,MED
afccad17-9a7b-45af-9566-fa10dc613df5,Marketplace,MO,2024-11-26,LOW
0039cdbc-95f5-4f55-bcf9-df489a9c63b6,Retail,MI,2024-09-13,LOW
a893d4b0-38f9-4723-8895-bc88039f7ad6,Subscription,NC,2024-10-19,LOW
da01d391-829e-4c55-a3ce-da76481206b8,Retail,GA,2024-08-23,LOW
a907c92a-ce5c-4d52-8803-27ad455e2688,Marketplace,MI,2024-09-07,LOW
ac946e35-87a6-45c3-b1b5-6550ecc94c81,Subscription,IN,2024-10-11,MED
67ac9345-ddc4-4043-bba5-ba2cfcb37b36,DigitalGoods,TX,2024-08-05,MED
b3e9bf0e-0368-4c23-bcc8-b70aa9e81984,Retail,PA,2024-12-15,LOW
fc8125e9-a091-4e45-8d7c-5b0351656df0,Retail,IL,2024-11-22,LOW
55f6c57a-c62a-425d-8590-4cc20386117c,Retail,NC,2025-01-18,MED
eb8f8047-50cf-4f1f-818c-1545f7bb4691,Retail,IL,2024-08-31,MED
294c79e5-b2d8-4d13-9ba1-ada363c14100,Retail,MO,2024-11-09,LOW
031d4d9f-edc1-461d-a0ea-3a888d0cfc6f,DigitalGoods,WI,2024-11-23,LOW
c03e62ea-4ee1-4fd1-8f8d-ad07dc8ca2b7,Retail,NC,2024-12-16,LOW
9a7fc300-213b-41bf-baaf-c3b25100ed67,Retail,IN,2024-10-24,LOW
d0894748-68d8-4231-899a-6d6c45e4ba7f,Marketplace,IN,2025-01-27,MED
a972357a-7571-432d-a21f-a372fc671dbd,Travel,VA,2024-09-10,MED
4b424a59-8013-4d76-8ecc-64a4c056d141,Marketplace,OH,2024-08-13,MED
64933e25-3c42-4ab8-b11a-e88e99197162,Retail,NY,2025-01-07,LOW
019eeae9-8e54-417f-b0e4-6096dd6e8d1b,Travel,MI,2025-01-28,LOW
7ad349f9-82e4-4868-9973-3ceaa0aa5346,Retail,TX,2024-11-25,HIGH
11156fa6-93c1-4bf5-97ba-c051800b9ec2,Retail,NY,2025-01-10,MED
8df3881f-718c-43d8-8f1b-802aa1afb807,DigitalGoods,TN,2024-11-13,LOW
0cedd6d0-5584-4730-a402-bc2cba00882c,Retail,TX,2024-12-24,MED
ee67443e-8baf-4e72-97b4-f1c396ba4d85,Subscription,MI,2024-10-02,MED
7a4bde69-0ea3-4b01-a994-bd3e9f99a2a6,Travel,PA,2024-08-01,LOW
7bb1cf27-949c-4e4e-a5e7-9972b19eabf8,Retail,NJ,2024-10-08,LOW
50cb71c9-7a47-4de5-910e-ca2a08da0bea,DigitalGoods,OH,2025-01-14,LOW
c8c9d627-455b-4fa0-8de5-02405ebb3a39,Retail,MA,2024-08-04,LOW
38ccf295-42c1-40e6-986a-edbc213a7344,Subscription,PA,2024-07-07,LOW
e73dce49-d905-460f-ad44-547afbaf45ee,DigitalGoods,WI,2024-11-17,MED
c98326f3-0afe-4ab1-80df-189f996675da,Subscription,NC,2024-07-28,LOW
3ff767b6-e4f5-4f8e-93f1-e7946cce5029,DigitalGoods,WI,2024-07-19,LOW
755ea916-4bdd-42ee-af4d-5574c27117ba,Retail,VA,2024-12-22,LOW
e1ad8781-82de-4206-b147-4f9f602d0083,Travel,MD,2024-12-10,LOW
688d4659-1935-46ad-98f1-d40a095679ec,Retail,WI,2025-01-21,MED
13b54dee-3b9f-4c7c-a129-c115ba7404fd,Marketplace,NY,2024-08-18,LOW
e877ff7d-b64f-4bad-8af6-5dcbf1c2ecee,DigitalGoods,MA,2025-01-14,LOW
32cc5408-da0c-4299-a6aa-aaf40d278fff,Retail,TX,2024-07-12,MED
3db0401a-5d54-4d83-bf52-279062a0cc03,Subscription,TX,2024-09-13,LOW
c5423195-ef10-4eb6-b931-86c123fb2767,Retail,NY,2024-10-20,LOW
57e7b7aa-9aaa-441a-9a4c-d6bd259b8957,Subscription,PA,2024-10-27,LOW
ceaf40dd-2227-480a-bb8e-76a9c3113200,Travel,MA,2024-10-15,LOW
459c0167-1695-4d2a-932c-bb9ccd305f71,DigitalGoods,MI,2024-11-06,LOW
b53ac3b2-eae3-438c-bb30-f16dd1472ee6,Subscription,NC,2024-08-30,LOW
d918960d-2efb-47e8-bbff-5acc973b24d0,Retail,CA,2025-01-28,LOW
f3ede117-a457-40c3-9808-09d387ef4535,Retail,TN,2024-08-03,MED
91a3b115-a821-4208-ba6a-c1b58cbc4ade,Retail,PA,2025-01-22,LOW
8f474f7f-e884-4daa-8213-7a38e56f30e1,Retail,NC,2024-11-27,LOW
3cbb907e-94b0-402f-b0a5-5ece2bcdd242,Retail,FL,2024-10-26,LOW
22fe11ea-b5f6-4ca5-80a9-3a8c384d3a53,DigitalGoods,TX,2025-01-17,LOW
8ab9b804-35d0-46b1-b9b1-f1b2119b3dba,Subscription,FL,2024-10-29,LOW
2f5d909b-1146-4e4b-b10e-885caf8d6df6,Subscription,CA,2024-12-18,LOW
71bf812c-ff0b-41f7-94a1-0950b298a97c,Retail,MD,2024-09-02,HIGH
27bae377-49c2-4e71-a2b3-2a52672f44dd,DigitalGoods,MI,2024-10-10,LOW
d2e0d634-b250-4e71-80e2-7199e0f8a60b,Marketplace,MA,2024-12-22,LOW
ce01e72a-5bc4-4643-84e0-c5b4dc060d06,Retail,MD,2024-11-07,LOW
c732f547-8ac2-49af-b065-6e59c91b9077,Marketplace,TN,2024-12-24,HIGH
56c43aca-34da-47c8-850f-bce8d30bbb62,Subscription,FL,2024-12-02,LOW
064390ed-5b90-4b5c-a901-84743b6c65cc,Retail,TX,2025-01-17,LOW
d7953b32-07ee-452e-aa02-fa1bef3ba238,Travel,WA,2024-10-06,LOW
73f7ff16-f6fc-49df-880a-abe8ca2207f3,Travel,CA,2024-11-15,MED
54f6114c-437a-495b-8ed6-06d02bcc1fd7,Retail,IN,2025-01-04,LOW
1e13ff5d-1586-425f-bb90-303377d5f581,DigitalGoods,WA,2024-11-03,MED
bf2ec2bf-7b6d-4178-ae2b-dc983d65e179,Marketplace,FL,2024-10-20,LOW
5164f8e0-bb10-41d7-90d3-3584fe7909dc,Subscription,OH,2024-07-08,LOW
58114e90-c869-4d63-b75d-b17cfb0743ac,Travel,IN,2024-10-05,LOW
bdc89cdc-832a-4f36-8643-68650466f400,Travel,NC,2024-12-02,LOW
8ca6ea5d-d79a-4ecf-b0b4-8e244ae0fcf1,Subscription,FL,2024-07-10,LOW
3ce51c00-2ece-40c8-b0af-1afffbf146a4,Subscription,MD,2024-08-05,LOW
eb278097-47f7-4f09-9b70-6ed6d1fd7609,Retail,CA,2024-10-18,MED
5f34cb61-8be2-4c3f-a1e4-f00e558cdcda,Subscription,MI,2024-11-27,LOW
9c23adc1-8dc5-4910-a5c2-ea54432f7219,Marketplace,FL,2024-07-19,LOW
55d11064-2800-40b5-86a9-2f3ad805691e,Travel,NC,2024-12-19,LOW
62b474e2-d69b-4633-9276-3405a2fe6112,Retail,WA,2024-11-03,LOW
9646091a-226a-4494-8077-df916bdedff9,Marketplace,AZ,2024-10-08,LOW
7393e3b2-e860-4203-8cf4-132f1247d3c8,Retail,MI,2025-01-21,LOW
78229d99-338f-4b2c-a666-ec76c076d806,Retail,PA,2025-01-22,LOW
de20b3a9-efa8-4d5e-b6b8-8906a1f24e54,Retail,TN,2024-07-10,MED
e2d328b3-40c7-4ff7-893c-e53ffe7fb4d9,Retail,PA,2024-10-24,MED
e9b08572-d60e-4343-a81a-adc5b8940ba4,Marketplace,IN,2024-11-01,LOW
267c4156-64fd-41ea-ac69-bd385d491ed2,Subscription,MI,2024-11-04,LOW
46921758-5e16-4c49-a6f6-85e71018e192,Retail,MO,2025-01-11,LOW
483b7d65-114d-496a-ad08-5b624d93daaa,DigitalGoods,MO,2024-09-09,LOW
895381ea-2aaa-433d-9848-c51b1d76d95f,DigitalGoods,NY,2024-10-18,LOW
12d6ac37-c26d-4396-9e22-54e539fcabe9,DigitalGoods,WI,2024-11-20,LOW
3ff89c34-a3c2-48dc-b7a6-d5ca2b0290c1,Retail,MA,2024-08-16,MED
53c1cc4f-4250-411f-82f8-d6aa3a457ea3,Travel,MA,2024-11-26,LOW
08b601e2-93f3-4862-beb6-24244fb51623,DigitalGoods,FL,2024-10-08,LOW
20b3db8d-7ccc-43c5-9e67-a399f6b1a264,Marketplace,NC,2024-11-13,LOW
32f337e3-c865-415f-ae69-1189eed6f35e,Retail,MD,2025-01-11,LOW
37f3496a-a0da-4fc5-8b3b-062fb20e8eac,Retail,IN,2025-01-16,LOW
d8ebb9fa-57be-4fdf-81a0-3e740463f42d,Travel,NJ,2024-09-23,LOW
9367994d-8fe6-4ac9-bab1-e044448979de,DigitalGoods,NC,2024-08-14,LOW
fc951f89-e2b5-4b1a-980c-08992ef3f443,Subscription,MI,2024-11-14,MED
edc745f8-8af7-48bc-a25b-f4551b4a5e2e,Travel,MO,2024-12-11,LOW
a888cee7-3c9e-4ecf-82dd-9d3090f548e3,Retail,WI,2025-01-18,LOW
67590d6c-ded5-42a6-9db8-b3a9f30f11a5,Subscription,WA,2024-08-08,LOW
ab2d7a67-38ce-46b9-b52d-f6f282df8b01,Marketplace,GA,2024-07-26,LOW
f12185d6-5fa0-48e3-aec6-1092d6f64e62,Retail,OH,2025-01-13,LOW
bdc0191c-c1c2-4fe8-b31a-a94b184326cb,Marketplace,IN,2024-12-01,MED
de1da13d-a868-4151-8ce0-940498498c0f,DigitalGoods,MA,2024-10-24,MED
36f86a00-ace5-41cc-b331-f82297e6173e,Retail,WI,2024-07-15,MED
15a94c31-95e0-4773-a638-f16abbeee095,Subscription,MA,2025-01-25,LOW
a87fa64f-72da-4ab5-9481-4392c11ddd29,Retail,CA,2024-07-07,LOW
346b4340-ef56-43cc-8cde-27632a8aa74e,Marketplace,AZ,2024-11-18,LOW
650a239c-c79e-4c5e-a74b-98e49a411f23,Subscription,IL,2024-09-02,LOW
0639ca69-e9f8-4b53-96af-f0a54ad07e5a,Subscription,NJ,2024-09-18,MED
4e1b5a33-42cb-4fd1-b38e-1243ac6eacd7,Marketplace,TN,2024-09-29,LOW
339c7174-1a81-4ca1-8a8c-8710de84897a,Retail,TX,2024-07-18,LOW
9d2eb364-118b-4815-ae63-14e92d5a1d74,DigitalGoods,GA,2024-07-22,LOW
43b52395-82cb-4e86-ace9-bfb856c8b04d,Subscription,NJ,2024-10-25,LOW
46e73f83-3aaa-4eda-ae08-2a3b492b5830,Retail,MO,2024-09-15,LOW
1757282b-e0a7-47d4-a5d6-45947687701c,Subscription,NY,2024-07-27,LOW
178dde61-f176-4447-b284-7c7a08c74c43,Marketplace,CA,2025-01-22,LOW
f4ddef1c-9267-4e82-bfda-e801dc84a3d3,Retail,NJ,2024-09-25,MED
182fe6ab-e22f-4e68-b604-7564c033aafb,DigitalGoods,TN,2024-11-06,MED
515832d7-5d72-4e89-af23-a7e128f6f0e0,DigitalGoods,MO,2024-12-26,LOW
8942bd13-835c-48b6-9f98-700f7eec5028,Retail,TN,2024-09-11,LOW
8481c544-b0f0-4f0b-a47e-e4f879a46328,DigitalGoods,MI,2024-08-20,LOW
f8f3fb6e-922c-477d-bbff-75c1d68f42c5,Retail,MO,2024-10-28,LOW
ab15acc2-8247-4f30-9878-da27c8371ab2,Retail,PA,2024-08-03,LOW
20ea4350-a855-493a-85a1-dd56ed3e7070,Retail,MD,2024-07-29,LOW
e9151cfd-aeb4-4d82-80fe-fad02f802873,DigitalGoods,FL,2024-12-07,LOW
ade3fa67-992e-44f0-ab77-9a1b3d8ec012,Subscription,WA,2024-10-24,LOW
ed628977-00e9-402e-87e8-2fc77b18db27,Retail,AZ,2024-07-29,LOW
6639e037-cc1f-4d2b-9e7a-1b45938bcb48,Travel,NY,2024-09-16,LOW
262bc574-a7b1-43cb-a581-eacd31211bec,Subscription,MI,2025-01-26,MED
c3f22368-e440-449b-9153-5ff9036c07e5,Retail,PA,2024-08-31,MED
f2424c35-2aae-4b4d-bcdc-7dd391fd5566,DigitalGoods,CA,2024-10-06,LOW
4c8ad488-5e04-4417-9e7a-34da1ad2a892,Marketplace,AZ,2024-10-31,MED
3308ecef-9337-49f9-aa16-304f079c4fa1,Subscription,GA,2024-11-08,LOW
b86a5dfb-2f6c-4550-a308-b46d8fc09266,DigitalGoods,MD,2024-12-20,MED
d9a98f45-3947-45b2-b60f-f527494a654a,Travel,AZ,2024-07-29,MED
cf8bcfc9-5eeb-4d2e-aa2c-910e814ce600,DigitalGoods,MI,2024-09-20,LOW
d7c15fd7-aa55-4d67-b428-4319099eb640,Subscription,IN,2024-10-11,LOW
78b18707-7e67-422a-9452-22029a1624a6,Subscription,NC,2024-10-28,LOW
d1338600-3488-4f99-8687-e36c773e4aba,Retail,PA,2024-08-21,LOW
822f8c6c-daea-48b9-9ce7-0d0f2a6dad6d,DigitalGoods,NJ,2024-07-14,LOW
f10882e2-e004-4254-a049-3dc44034d4ea,Travel,OH,2024-10-11,LOW
d7c09ad0-5911-4201-a82f-b4f48044abbd,Retail,IN,2025-01-23,LOW
702f9979-cb1b-4eef-866e-d908a3de4a57,Retail,CA,2024-07-15,MED
2f66185e-0148-4808-8625-355df51a50cb,Subscription,IL,2024-09-27,HIGH
28e73cda-ae53-4458-a93a-a4fa55455106,Subscription,NC,2024-11-30,LOW
5623b464-eca3-4025-a042-e1a793ebf407,Marketplace,MO,2024-12-24,LOW
1b378ec3-118f-494b-bf1e-50d35442e07e,DigitalGoods,TX,2024-11-16,LOW
d8f5ed8f-7a03-4ec6-940b-04c0da0e2eae,Retail,NJ,2025-01-29,LOW
10d7dc1b-9a3c-4245-ad98-592640bec1a6,Marketplace,PA,2025-01-12,MED
b1aa2000-91c8-4324-9a6c-88802543e274,Retail,GA,2024-11-07,LOW
d7698480-0502-4583-bcb0-d0284d4ad897,DigitalGoods,FL,2024-09-06,LOW
2ef1f620-6e85-490b-bcb6-0fe13b3ef2da,Marketplace,MO,2024-07-06,LOW
d15610e3-ca14-4358-8b32-69a6e430b011,Subscription,NJ,2024-09-18,LOW
fc5ab275-afb7-421c-8e5e-bb6a1239e08b,Marketplace,IL,2024-11-02,LOW
d00c0686-8b4d-449f-a623-aff5fef577d1,Retail,MA,2024-08-15,MED
0af766ea-7cdb-448b-9974-6342989e3036,Travel,MO,2025-01-30,LOW
5bfcfec4-7f47-4340-b388-fe7a2b2fe740,Marketplace,TX,2024-08-27,LOW
da87b0ac-9890-4457-a964-7a758f8bd8c2,Travel,NJ,2024-09-17,LOW
ad97f5a2-6bcc-4c86-bdf3-71b057b45cca,Retail,WA,2024-07-20,MED
2a70590a-3998-46e6-8eee-5c0d450066d3,Travel,FL,2024-07-22,MED
607b45b0-cd6f-4c7e-97de-c21d5ad3ad40,Marketplace,OH,2025-01-07,LOW
a290846a-01ec-459d-98c7-6be8733033a3,Retail,NJ,2024-10-02,LOW
f01b0093-10b6-4419-a226-20afa21b9867,Retail,FL,2024-11-25,LOW
37824f7a-d1fa-45a6-8331-00449bec3bb2,Marketplace,MA,2024-07-10,LOW
66cc7120-139e-4974-be2c-48d1f8cff451,Marketplace,CA,2025-01-05,MED
4fc4d645-e16f-4b8f-9465-02d2f106075f,Retail,NY,2024-10-20,LOW
52ce6535-bbfc-4547-8ed5-19df8d059653,Retail,AZ,2024-12-26,LOW
e9b32b9a-2b2a-481e-b08c-aa2ecfdf0b80,Retail,PA,2024-08-21,LOW
845f6944-0654-45e3-a9f0-dd1d9b759e6f,Retail,MO,2024-08-15,LOW
c90fba47-93be-4574-a491-1029948f0255,Travel,CA,2024-09-18,LOW
9a48fec8-59d3-40ac-9d90-80c2e53e8281,Marketplace,PA,2025-01-08,MED
70125d53-d743-48c6-aa3b-30448517a745,Subscription,PA,2024-09-19,LOW
62365c60-3928-4f24-aa7b-e04aeecd017a,Subscription,TN,2024-11-13,LOW
afb9de2f-7c2c-44c3-a5be-b408252bf534,Retail,IL,2024-11-11,LOW
b4e90dc7-bb6c-4ec0-9a9d-34d5e8747a92,Marketplace,IN,2024-09-01,LOW
3b415bba-ca08-41d9-9cf0-dcc42d7c3f6f,Travel,MI,2024-12-06,LOW
39e2e134-46d8-4a74-8fae-2ba2d56deb79,DigitalGoods,MO,2024-07-31,LOW
e36b48c6-ece3-4f1d-829a-a70b68ccf9d8,Subscription,OH,2024-09-21,MED
bec0fa6a-369c-43dd-abcd-1ac60506f940,Retail,NY,2024-09-14,LOW
f0de4438-3607-402d-8f75-d31ed8abd6d2,Subscription,WA,2024-07-11,LOW
2ca26361-8ae4-44f3-8b31-ca536624fa55,Retail,MA,2025-01-11,LOW
9482b3d6-a538-4d60-a1da-47f83f390915,Subscription,WI,2024-10-23,LOW
e9e44f89-ff9a-4ced-8c7b-b2a34636249a,Retail,MD,2024-10-31,MED
edbcf884-5086-4503-b0dc-5c0ed8942512,Retail,NY,2024-12-25,MED
49bd9002-9296-494a-b539-da1f2a56af9c,DigitalGoods,FL,2024-09-05,LOW
e10a1408-01ae-49cb-a2ea-4bcef9396fbf,Retail,IL,2024-11-05,LOW
beb8da27-37c8-4b67-818a-0985f2a6db49,Marketplace,CA,2024-07-16,LOW
a8705386-9c62-43b6-85ae-6a0c35995504,Retail,FL,2024-11-22,LOW
4b858b7b-7c81-4cec-8bd5-03a5713df674,Subscription,VA,2024-08-16,LOW
cb87aea2-3672-4bfb-8d1c-bac368dda417,Subscription,MI,2024-07-21,LOW
6969dce4-0ea2-4bad-ac23-4abff822bd43,Subscription,WI,2024-09-05,LOW
fcad6b02-36b7-4061-9311-96abf9da938f,Retail,WA,2025-01-29,LOW
d4714c32-3f87-4a4d-8d12-f85567be4b22,Retail,AZ,2024-11-01,MED
7759da51-ee24-4de2-acaa-db0727325ec5,Retail,IL,2024-08-09,LOW
ced6d5fc-d2db-4ae0-8e2d-5d0acf23b083,Retail,FL,2024-07-12,LOW
235102e8-41ca-4481-9e4e-cf565f7c343f,Subscription,AZ,2024-09-11,MED
2b668b13-e5d7-417c-bdb0-b0abcc805e36,DigitalGoods,MI,2024-10-02,LOW
3d10862c-6f2c-4ab2-9222-c109a01e3f8c,DigitalGoods,IN,2025-01-28,LOW
202ef6ea-4edc-44d0-a4fd-92eaf6fb31ea,Marketplace,MI,2024-08-09,LOW
105591f4-9f48-42b4-9dc5-01010457f0cb,Marketplace,OH,2024-08-01,LOW
019530f9-7e01-428f-b642-d9b873e75126,Subscription,TN,2024-10-30,MED
78115ef3-7faa-48a6-b3a0-d6eda874fbf7,Retail,CA,2024-10-05,MED
45bc7743-7c0b-4b6d-9902-691f1b429d13,DigitalGoods,IN,2024-12-26,LOW
24aa79ac-af89-4a34-98ee-0d2053aea381,Subscription,NC,2024-09-18,LOW
c0deafb8-78e0-4704-bf2b-6f01b33c55ba,Subscription,PA,2024-10-13,LOW
4ea9772a-c845-4b1e-9a3d-3fe3112b82a3,Retail,MD,2024-12-09,LOW
9a5f1c53-e2f9-4b9d-b0a6-e6bb1ba92b7d,Travel,WA,2024-12-02,LOW
23848f2e-a9e8-431c-9859-3d97033015d0,Travel,NY,2024-11-25,MED
2e18ba75-5da0-4dcf-b101-c9c66515545a,DigitalGoods,OH,2024-07-18,LOW
75631aa1-6e1f-4476-8697-c5f33eccce04,Subscription,NC,2025-01-22,HIGH
56ed1b0b-0a85-4220-b94c-d3968720f715,Retail,IL,2024-09-13,LOW
cf37f3a8-1f30-462c-a5b2-70fec75177e3,DigitalGoods,MI,2024-12-31,LOW
838246a7-dfd4-4246-8400-ecf13d387ed2,Retail,IN,2024-11-05,LOW
dae510e5-3bb1-44ef-89a7-e5dbc6f6716e,Travel,VA,2024-11-06,MED
204501f5-31cf-4cd3-bac5-b1da654aac41,Retail,TN,2024-08-10,MED
6a64f02e-223c-42c5-b625-9752c3967c56,Marketplace,NY,2024-08-02,MED
eddc2ac8-97dd-4765-b42d-c806baf7e899,DigitalGoods,NC,2025-01-15,LOW
38777dba-ab14-4a76-bf48-6a36e882b977,Retail,MA,2024-11-24,LOW
0031c88a-7d3d-48ed-bb83-a78e8310728a,DigitalGoods,IL,2024-12-26,MED
2abcf9c5-28b9-4fac-9e3b-4dae7e730a83,Retail,WA,2024-12-25,LOW
2445774e-84b0-46a3-89d9-6703aa1db079,DigitalGoods,AZ,2024-12-31,LOW
07c725e2-8e61-4913-b010-b28ae230fd7b,Marketplace,WI,2024-07-23,LOW
ad85f065-92ba-4697-9440-6aad64de6e4a,Marketplace,MA,2025-01-25,HIGH
f7446c69-0b6a-4ba0-b3ab-aacd46506ddf,Retail,TN,2024-10-18,MED
8bf4686a-0d88-471b-afcd-a855cb426e49,DigitalGoods,WA,2024-07-25,LOW
467df768-bc0f-43ef-87a4-907e1fdb452c,Marketplace,IN,2024-09-06,MED
039b73cd-9b47-4c6f-8f41-f415e5182255,Retail,GA,2024-12-16,MED
e27226b1-c4a3-4c70-ad48-285d70e331b1,Marketplace,TX,2024-07-31,LOW
0b7b27d0-007e-4fa0-81ae-eddbfa74c7e0,Retail,IL,2024-08-28,LOW
d7fec825-4c72-48dc-ae56-afb95eeab941,DigitalGoods,PA,2024-08-02,MED
ee8a2fc2-6bf8-4b4d-8daa-393ba693c26e,Retail,VA,2024-11-29,LOW
d55edc01-a34a-4c54-a2cd-edc3adda0aaa,Marketplace,MO,2024-07-29,LOW
67598af7-3edb-4a21-96cb-953cea961329,Subscription,CA,2024-09-12,LOW
317cd53b-8e37-4cb3-a5da-af4a4831d602,Retail,IN,2024-09-05,MED
690dbe87-4b53-497f-9e15-dc3b7416f7b3,Retail,NJ,2024-12-15,HIGH
0e940d1b-d1ae-42f2-a76a-dc4ad33782bd,Retail,MI,2024-11-11,MED
de993fe9-7264-4501-9e53-30ea2c116bed,Travel,MD,2024-12-01,LOW
3d6d9396-3c47-49c0-b9cf-330a8fb01676,Retail,AZ,2024-07-20,MED
7ac2c66f-6666-4cb8-8025-2dec23d8c13d,Subscription,MI,2024-11-27,MED
cb8cb47b-74ae-4b20-9a64-a4dc824a2264,Retail,MA,2025-01-17,LOW
4d5ed2d1-5ed8-4293-a18a-626855a2bcce,Retail,MD,2025-01-02,MED
f7fe02d0-fd27-4723-907e-1d8a8e60ce70,Marketplace,FL,2024-10-12,LOW
ee83fd69-b58b-499f-896e-4673ad58de72,Retail,TX,2024-08-03,LOW
6cc818a0-6e9b-44a5-9df6-b63494acd063,DigitalGoods,NC,2024-08-18,LOW
53f99ebe-6571-404a-9e11-239dd1d87611,DigitalGoods,MI,2024-07-23,LOW
bd320afa-318e-408d-841e-ae060fc97ab5,Subscription,NJ,2024-08-07,LOW
f1132a05-fdab-487e-8c28-fc4c51061e35,Subscription,AZ,2024-11-22,LOW
ba6903d1-b3ab-44eb-9337-4d3b6a8d9ac1,DigitalGoods,OH,2024-12-22,LOW
04fcec2d-d738-46d9-b96f-31e99e7e43a3,Retail,MA,2024-09-04,MED
f5b25276-38c3-427e-b53b-c2d79187c51a,Retail,MD,2024-10-30,LOW
2acf0c87-7c41-4ea5-ac8f-9729fc84a308,Retail,MA,2024-10-12,LOW
d5d35892-be11-4b80-a03b-7b29e53ab00c,Marketplace,GA,2024-07-26,LOW
8c27952b-daea-4f15-adb2-f9f9dfa8de4a,Retail,NJ,2024-12-31,MED
9c0f2cb0-5f49-420f-bcf8-af920965c4e3,Subscription,NC,2024-12-31,LOW
9672b4ef-5df6-4d14-a4d3-e78f597987e8,DigitalGoods,MA,2024-10-23,LOW
25cb1d40-3718-47bb-ad96-47b1a45125ba,DigitalGoods,CA,2024-12-15,MED
a04eb60d-cdde-4142-b6bb-8a3de6cfec76,Subscription,CA,2024-09-15,LOW
bd4733df-1b60-4ce0-8ed6-daf460f282af,Retail,MD,2024-11-28,LOW
cac7335c-5ab9-4603-bf6d-44c9b77b09f6,Marketplace,NY,2024-08-11,LOW
2b389a0a-30f1-476a-9327-b405de5596fb,Subscription,MI,2024-09-12,MED
d4885c22-fbf1-4e4d-8cd9-68d7eee534b9,Retail,GA,2024-10-28,LOW
d24ef8d9-2d64-4c5a-9e38-bd52a4db8ba0,Retail,MA,2024-09-21,MED
3ef08b92-9cee-46ec-8da6-1f9bbac24380,DigitalGoods,MI,2025-01-05,LOW
6345e218-3b4b-44a5-bef8-c2f82c34d580,Subscription,CA,2024-11-29,MED
7323d63b-cfe3-4237-8b1d-7bb001c12a68,Marketplace,MO,2024-07-13,MED
d3bbda3c-3a57-42ff-95cb-dea7ac94e121,DigitalGoods,TX,2024-08-05,HIGH
8105b1f0-bebf-4fea-a07d-c51d731335c1,Subscription,MD,2024-11-13,LOW
76bfd934-19fc-40d1-a2a7-57110fedd452,Subscription,WA,2024-08-23,MED
5de061f3-d1d0-4cad-87f3-56182b0986df,Travel,CA,2024-09-24,LOW
2b77753d-f316-42f8-8ac0-821c62817e5a,Retail,TX,2024-07-09,LOW
9ebc8cc1-944b-4197-9d9c-4d7f3763ec3c,Travel,TN,2024-11-29,LOW
a8301887-5d14-4f26-8872-228319e8bb04,Marketplace,MA,2024-09-29,MED
c018ee2a-2392-4877-b608-217f83291da6,Subscription,WA,2024-11-07,HIGH
f70a9133-4b23-4ec1-8019-561f6aedd3c9,DigitalGoods,TN,2024-09-17,MED
6e547e1d-0540-4e2a-b8fb-57c46b4cd89a,Travel,IN,2024-12-16,LOW
aee82df8-101a-468b-a702-77d812decde5,Subscription,OH,2024-07-26,LOW
ddb253d7-2c1e-4900-bcc3-6d475c76bd33,Subscription,IN,2025-01-06,MED
5b6fd0fb-890f-4acf-bf99-108ca8c58cf9,Subscription,OH,2024-09-10,LOW
6fa151ab-c244-431b-8879-2ec059b0c217,Marketplace,WA,2024-08-17,LOW
f95390e5-5bc9-4b60-a21f-087aef3058db,Retail,IL,2024-08-07,LOW
ebd927a6-743c-4ec5-9e19-e34202ee4bed,Subscription,IN,2024-09-19,LOW
63033f70-f9f2-4082-975e-974cb2583877,Retail,NY,2024-08-15,LOW
9efb485e-7ec9-4909-a8c7-67fc6bedf940,Retail,OH,2024-11-18,LOW
8a251955-bbf0-4f69-bd54-f6434e80da14,Travel,IN,2024-10-18,LOW
e59a452c-d670-45df-aed0-d9837e4db396,Subscription,OH,2024-10-07,LOW
4674bce7-9b3a-407e-825f-e4943a631392,DigitalGoods,CA,2024-11-16,HIGH
25031341-33a6-4353-86d9-1bd75df186ed,Subscription,IN,2024-09-10,LOW
79c1a034-020d-4e90-bc34-d89aecd63e1d,Marketplace,IN,2024-11-28,LOW
a3ec6465-29a5-417b-a8ed-8c632bad8e52,Subscription,NJ,2024-12-10,LOW
9f7049ec-cb3b-4372-8ba6-0a1a497e175e,Subscription,NY,2024-11-09,LOW
6f90a9f6-0062-4571-86ad-542de91e3b2f,Retail,MA,2024-12-14,MED
d5a81ed4-705f-48ab-b9c0-ccc0fc0c3fac,Retail,NJ,2025-01-05,MED
def67534-451a-4da9-9a5d-4ce6df3b4d66,Retail,TN,2024-09-27,LOW
c0421570-a6ef-42ad-9bc5-8096d2ff9534,Travel,NC,2025-01-09,LOW
a45bbaa2-1b73-42ab-88de-a20af0008612,Retail,CA,2024-12-10,MED
cfaec194-7dc3-41f7-a4c8-7d56ef54bf6c,Retail,TN,2024-09-25,MED
3841acd1-5313-4fc7-9d7f-74fc416bb5c3,Retail,NC,2024-10-07,LOW
89874b54-58a6-469d-8899-c673bb901c2e,DigitalGoods,MD,2025-01-01,LOW
55c5bd7b-48dd-4892-ab7f-9f7e26a8701f,Retail,VA,2024-08-05,LOW
3fa23d53-b2ee-4730-9afa-8a705ff0e5e4,Travel,MD,2024-09-08,HIGH
7658da02-2457-4634-b22e-9873c6e485e2,Retail,NC,2025-01-07,LOW
28b6c6f8-9134-48ae-bd0f-41dca8ff97e2,Subscription,OH,2024-10-28,MED
4bbe486d-ba6a-4c7f-ba37-57ba1bdc7fe7,Retail,AZ,2024-11-19,LOW
938a5f43-b2be-455f-83fa-2e5a7e4a14e6,Retail,MD,2024-11-11,LOW
dfe1f82a-7ae2-40e3-8229-8317a5c7d817,Subscription,MD,2025-01-14,LOW
87532d86-8c24-48a0-a8c7-f0e24bc411a9,Retail,TX,2024-09-02,LOW
80f884f2-4e11-437f-8b58-9fb9bec63f8d,Retail,NC,2024-07-21,LOW
8675ad55-e450-47a5-af6d-a8ef7f5f3411,Retail,WA,2024-10-08,LOW
fffb77b4-3883-45ce-b0f3-20f20955e5e1,Retail,MA,2024-11-25,LOW
2e405731-8036-4c92-8859-f7a2dc0bf8ae,Retail,NY,2024-07-20,MED
5316d6d0-3921-4c59-962d-8b2d6e2df3a3,Retail,NJ,2024-08-19,LOW
039961d5-7356-4c35-89e2-162e812bcd70,Marketplace,AZ,2024-12-18,LOW
47a4023c-1fce-4c6b-98af-378d30b362d5,Subscription,GA,2024-12-10,HIGH
5ea386c9-8320-4a98-8af8-c22813736ee5,Subscription,MO,2024-10-19,MED
35ac3a38-1435-4191-8d62-88eac57098a5,Retail,MD,2024-09-30,MED
021049f3-49ad-441c-8345-787cb8e229c2,DigitalGoods,TN,2024-11-10,HIGH
6db14622-8c84-4e8c-b1ff-5bac75349214,Retail,TX,2024-11-20,LOW
52bfe2bf-625f-4d3d-9a91-66cfe1e0617b,Retail,GA,2024-10-31,LOW
07ae0182-e1c6-452b-a55f-42775ef2ed4a,Subscription,PA,2024-09-27,MED
b03f4d90-2547-47d0-a818-ee2f32f4fcb9,Retail,VA,2024-07-08,LOW
458fa39a-3e7f-4704-bf88-eccdf265a3d0,Retail,MA,2024-09-13,LOW
83cc4a94-d99a-4996-870c-9e9e5ac3124c,Subscription,GA,2024-12-05,MED
993a63c2-9697-4929-8721-311a982d622f,DigitalGoods,FL,2024-10-23,LOW
d030327f-1e7b-42bd-8062-4c00a50b4b44,Travel,MA,2024-08-23,LOW
3874745f-b03c-4b81-894d-0bcdf493231d,Marketplace,WI,2024-11-21,LOW
5d75d67e-be25-4ec8-a50b-60078bbb5097,DigitalGoods,IN,2024-10-07,LOW
a8d12168-c01e-4bc0-a2e4-fd26e33b64f5,Retail,WA,2025-01-29,LOW
aedf9596-4597-4845-a4d7-55132924b79b,Retail,MO,2025-01-23,LOW
94cb883c-5a01-4458-94ac-0d7e1acbcebf,Retail,TX,2024-10-04,MED
77a92e21-b221-4fcc-8124-833bd0674b68,Travel,WA,2024-09-07,LOW
b2c763ba-fff7-4f6a-aac9-30236ec6d626,Travel,WA,2024-08-20,LOW
c6348711-a6c2-4363-bafb-e508db3f043a,DigitalGoods,MA,2025-01-01,MED
4fcc9480-fd2d-4474-b587-5e4ed426ad97,Marketplace,WI,2024-10-18,HIGH
ea133d57-fb3f-4a68-b28c-118ad874adfe,Subscription,MI,2025-01-19,MED
d57b21e8-918b-448c-8ed9-54d49bdc4e0e,Retail,NY,2024-11-11,MED
1228f6d3-9c89-42f6-b8c6-d69839108051,Marketplace,MD,2024-10-18,LOW
ede9b776-c0d4-4712-85b6-a2bb78c845a2,DigitalGoods,NY,2024-07-28,LOW
06586926-38ac-4718-8532-2afdadd97aeb,Marketplace,AZ,2024-07-08,LOW
96f27ed9-812b-49d8-aa6b-6f9a42c67583,Retail,GA,2024-10-20,LOW
397b5048-b36a-42fc-9e3b-8e38ab5efc34,Subscription,FL,2024-07-23,LOW
d9d6e009-6d0d-4c2b-a53c-5325a2166c2b,Retail,WI,2024-12-05,LOW
166427b4-76b1-4463-8c1d-829e79c62794,Retail,NJ,2025-01-23,MED
c5fbf017-8c12-4ff7-9e60-23b06a6714c1,Retail,NJ,2024-08-13,LOW
fda327fd-c548-48e2-a13f-cf828e06a65b,Subscription,NJ,2024-08-23,LOW
fa1d822e-f8cc-48e2-a815-944f78ee4015,Subscription,TX,2024-12-22,LOW
95046b1d-2d9f-4384-8715-36888f7b15c0,Retail,IN,2024-09-17,LOW
0643e6be-3043-474b-b59e-53c5abd83c4f,Retail,NC,2025-01-15,LOW
b1ac19cd-5c86-4000-9472-aa4dd260a289,Travel,TX,2024-07-16,MED
dff4d941-1ba5-4d6e-8ba1-9819a2a6aa3a,Retail,MA,2025-01-15,LOW
bbdec162-7336-41d1-8d1e-99e2af0f6eb8,Retail,TN,2024-07-31,LOW
28079df4-9652-4d37-873e-93ba145de40b,Travel,FL,2024-10-25,LOW
ab1576b8-e96d-469d-aecf-d3e010a34d89,Marketplace,GA,2025-01-02,MED
0c681bba-a027-4459-a6b3-b524225124de,Retail,NC,2025-01-14,LOW
5d8ee7ec-df75-4e4f-806f-0edb50aedfa0,Retail,IL,2024-08-22,LOW
a45a5ee0-19a2-4057-8d11-adae7d897cc2,Retail,TN,2024-11-25,LOW
fe1598cf-4962-44d2-9485-555c67d88867,DigitalGoods,WA,2024-11-11,LOW
96805230-d598-4238-acf3-72ad94f9dc87,Subscription,OH,2024-09-02,MED
81905a80-ae2a-4188-8337-ffbdd2eac80e,Subscription,WI,2025-01-02,MED
257a043e-34d1-45c5-b651-5c70af8aea2b,Retail,IN,2024-08-03,LOW
e5bb4f58-702e-4250-98c8-322aea3b2bb5,Subscription,NY,2024-09-26,MED
8099f862-6ade-41f2-a2c9-0df5e5ececf6,Retail,IL,2024-12-17,MED
8a6d337a-1527-4d48-b6a8-aaf06ea09ea2,Subscription,MD,2024-08-01,MED
80f51876-cba3-4b03-8808-4b1f84c1f7ad,DigitalGoods,VA,2024-07-29,MED
01e2ea53-5d22-4f80-a511-c06c54465267,Subscription,OH,2024-10-08,LOW
5963f9ff-d118-4499-9ede-b45e1a0aee9f,DigitalGoods,NC,2024-11-06,LOW
23576677-f7fa-45a6-a85d-a5ea065f6cb9,Marketplace,PA,2024-07-14,LOW
7d8842ab-5796-4a85-9375-147d03814a55,Retail,IN,2025-01-08,MED
c7c13ca6-1a2a-4dca-bae8-a048945a623c,DigitalGoods,TN,2024-08-15,LOW
828d517e-f220-441d-9928-4db19bf513fd,Retail,NY,2024-08-13,MED
631d471a-b2f1-4585-ac4c-40d6413b226a,Subscription,FL,2024-09-19,MED
50dc2858-0200-4eb9-8bb9-c43d8ab968e5,Retail,MI,2024-10-17,LOW
bb838fd5-7ed6-4c07-b1a2-d546f8e12d5a,Retail,IL,2024-10-30,MED
dc1ef167-10e8-43d1-9e50-993860657bfc,Travel,MI,2024-08-15,LOW
122a7883-a596-432a-8405-9de595def23e,Retail,VA,2024-08-20,LOW
40968d82-529e-4361-8286-6de6339915e6,Travel,MI,2024-12-16,MED
bd747ef5-5b86-44c6-9f2a-b8a302482243,Subscription,WA,2025-01-28,LOW
714ee8e8-588f-432e-b890-ea2752eb7b2c,Retail,NJ,2024-07-26,MED
a54bb138-0b04-4e0b-ac24-dcc4e831c56e,Retail,TN,2025-01-05,MED
7bdc5f5d-700a-4ae7-8ea4-ec0ca7b106b6,Subscription,GA,2024-10-19,LOW
da66ea76-73fc-43a6-8d6f-ca973ffa0e59,Retail,GA,2024-07-31,LOW
fad75fa1-c86f-4759-af43-ec473451efe2,Marketplace,GA,2024-08-14,LOW
7b0082ee-0631-4f11-91ea-ff73a1203d83,Subscription,WA,2024-09-22,LOW
9c6aa5c3-8b70-405f-8d9d-51ed329e4f99,Marketplace,TX,2024-12-13,HIGH
fb98c145-77d7-457b-8e13-8032c8e7dedd,Subscription,VA,2024-12-11,LOW
454b2e99-8564-4dba-a051-82433ffecf2e,Travel,MI,2024-10-01,LOW
e10a928e-224c-4b85-94d0-5db32f37ec7f,Subscription,VA,2024-09-08,LOW
4df5ac57-bd4e-4e48-8d18-f4423facfaa5,Retail,NJ,2024-07-16,LOW
f9ddb2e4-f451-42eb-bd2f-63e9c2d62d95,Retail,MA,2024-12-19,MED
c25fbbbe-59fe-43a4-9766-9f8633d41c87,Marketplace,TN,2024-09-15,LOW
b4aeef03-5b41-4fe3-8970-fec040545767,Travel,IN,2024-09-18,MED
1265cac9-6a4a-4142-8ec9-7ba176ab9240,Marketplace,TX,2024-10-02,LOW
510c8013-920c-43f4-88d0-5d285ee3c6f9,Marketplace,MO,2025-01-21,HIGH
99e58170-baad-4fa4-8bd1-eb4434f7aaef,DigitalGoods,VA,2024-07-14,LOW
2da82486-d486-4a8a-ad20-967a263dd97f,DigitalGoods,MD,2024-10-08,LOW
49827081-8e83-497c-a657-7bf29ca06fae,Travel,MO,2024-12-27,MED
6316835a-3c5d-4081-95d2-47cd979d163b,Retail,IN,2024-07-24,LOW
af40fddf-98b0-4b7c-a24e-0b1f2825095a,Subscription,PA,2024-08-12,MED
85367cda-87cf-4241-95fe-8977a6a42254,Retail,MA,2024-09-02,LOW
f6d7a560-6e5d-4091-a4ad-6c4af1b6dc79,Subscription,NY,2024-09-08,LOW
72104254-1150-490f-bf76-0b01ca6a36cf,Marketplace,PA,2024-09-07,LOW
4325e7b4-011f-4c35-a73f-e8ae1fc15464,Subscription,NY,2024-12-30,MED
b688b60f-ab84-4dd6-a2ad-5d42dbb34573,Retail,CA,2024-11-05,LOW
47272526-f796-4c2b-8bbb-dffcc051c52b,Retail,WA,2024-12-15,LOW
88d89282-efa5-4416-b720-8ff0345700ff,Travel,AZ,2024-12-03,LOW
f5d6aba6-b6f8-458d-9fbb-ac3daaddaccb,Retail,WA,2024-12-06,LOW
2f9c2879-a7aa-4f26-ab6e-f02559872f7d,DigitalGoods,FL,2024-11-11,LOW
9866a49d-1223-43f1-a3e1-70e25fbbb5b6,Retail,OH,2024-12-10,MED
e6e18884-5475-44b7-a1c4-2416bb570c18,Retail,MI,2024-08-30,HIGH
1d9d7818-8b3e-4064-ba21-42b2c96c525a,Retail,OH,2024-09-20,HIGH
270175a2-84ce-4d7f-8c6a-c557d26f5d02,Subscription,MA,2025-01-14,MED
7f87a3ad-8bbb-49c4-8149-e638f9810ec2,Subscription,MA,2024-08-02,LOW
